pCO2,T,TA,DO,DIC,label
609.0544047765434,26.101,2153.3,201.18129355099688,1962.8180039138942,1
564.9300292134285,18.04,2230.0,223.335,2061.7,1
566.7040240950882,18.07,2229.6,219.746,2061.7,1
569.721742067486,18.23,2229.6,226.793,2061.7,1
568.5014766640961,18.17,2229.7,223.585,2061.7,1
567.4533313140273,18.11,2229.6,228.996,2061.7,1
573.4731093980372,18.1,2227.6,234.616,2061.7,1
566.0932511091232,18.03,2229.5,222.506,2061.7,1
563.3965483866632,18.06,2230.6,231.799,2061.7,1
572.1854395233095,18.21,2228.8,226.927,2061.7,1
566.5463395416737,18.48,2231.9,222.735,2061.7,1
563.7643625959754,18.01,2230.2,221.071,2061.7,1
562.6355414278805,18.02,2230.6,225.758,2061.7,1
573.2860881835222,18.25,2228.7,225.167,2061.7,1
574.0947090089321,18.25,2228.4,225.623,2061.7,1
578.1293730251491,18.24,2227.0,225.376,2061.7,1
573.6022721976042,18.31,2228.9,226.148,2061.7,1
572.473683860153,18.18,2228.5,226.274,2061.7,1
571.9948094338179,18.24,2229.0,224.507,2061.7,1
446.1968783289194,18.1,2231.1,222.71,2022.7,1
1595.5,24.588,2263.0,225.8418281,2255.0,1
1010.9,24.588,2254.0,223.4575871,2182.0,1
767.5,24.588,2255.0,222.807372,2138.0,1
566.0,24.588,2255.0,218.7225145,2085.0,1
388.3,24.588,2246.0,219.6143614,2003.0,1
440.1,18.686,2291.0,220.1646159,2113.0,1
459.8,18.686,2289.0,217.4606801,2120.0,1
406.0,18.686,2290.0,217.5212191,2097.0,1
373.927,5.933,2244.0,289.0,2089.0,0
368.431,5.426,2241.0,294.0,2087.0,0
358.532,5.006,2236.0,300.0,2081.0,0
393.089,7.212,2251.0,270.0,2093.0,0
390.119,6.28,2246.0,281.0,2094.0,0
358.526,5.34,2240.0,295.0,2082.0,0
388.161,6.87,2249.0,274.0,2091.0,0
403.035,6.579,2247.0,269.0,2098.0,0
393.631,6.18,2245.0,276.0,2096.0,0
370.605,11.146,2264.0,254.0,2066.0,0
366.215,11.116,2263.0,257.0,2063.0,0
373.324,10.54,2258.0,260.0,2067.0,0
375.646,11.13,2261.0,260.0,2066.0,0
373.611,11.084,2258.0,261.0,2063.0,0
398.585,10.7,2258.0,259.0,2077.0,0
378.973,11.214,2260.0,257.0,2066.0,0
389.256,10.838,2255.0,256.0,2070.0,0
379.055,11.18,2257.0,258.0,2064.0,0
410.814,20.45,2178.0,196.0,1951.0,0
426.375,20.58,2233.0,198.0,1999.0,0
452.39,20.47,2215.0,192.0,1997.0,0
375.689,16.94,2246.0,225.0,2013.0,0
416.333,18.42,2245.0,213.0,2020.0,0
433.665,18.72,2250.0,203.0,2030.0,0
408.7,15.05,2249.0,226.0,2044.0,0
386.784,16.56,2249.0,229.0,2023.0,0
381.166,18.3,2247.0,228.0,2005.0,0
278.931,6.41,2251.0,304.0,2047.0,0
290.0,6.53,2237.0,308.0,2040.0,0
282.855,7.28,2236.0,313.0,2029.0,0
321.824,6.02,2245.0,295.0,2067.0,0
349.238,5.57,2247.0,277.0,2084.0,0
306.187,6.11,2241.0,289.0,2055.0,0
387.756,5.88,2251.0,273.0,2101.0,0
376.308,5.66,2247.0,282.0,2095.0,0
306.503,6.05,2242.0,295.0,2056.0,0
365.13,4.11,2238.0,311.0,2093.0,0
341.162,4.08,2242.0,312.0,2087.0,0
365.546,3.86,2236.0,317.0,2093.0,0
378.539,5.08,2239.0,301.0,2092.0,0
378.799,4.33,2236.0,308.0,2094.0,0
380.666,4.34,2236.0,306.0,2096.0,0
410.811,5.37,2239.0,287.0,2102.0,0
373.69,4.35,2235.0,307.0,2092.0,0
389.431,4.25,2235.0,308.0,2098.0,0
359.037,12.38,2260.0,248.0,2049.0,0
357.205,11.38,2255.0,250.0,2052.0,0
377.928,10.86,2247.0,258.0,2059.0,0
393.085,11.57,2256.0,238.0,2067.0,0
367.431,12.02,2258.0,247.0,2054.0,0
401.102,11.05,2248.0,250.0,2068.0,0
335.96,12.11,2256.0,256.0,2036.0,0
374.805,12.07,2259.0,241.0,2058.0,0
386.901,11.65,2258.0,236.0,2066.0,0
390.494,16.29,2239.0,226.0,2021.0,0
348.206,16.6,2243.0,248.0,2001.0,0
381.328,16.84,2247.0,258.0,2019.0,0
360.877,10.95,2240.0,276.0,2047.0,0
373.35,12.36,2239.0,262.0,2042.0,0
354.063,13.89,2243.0,262.0,2024.0,0
378.608,11.43,2255.0,256.0,2062.0,0
351.255,13.24,2259.0,252.0,2039.0,0
352.135,13.02,2246.0,266.0,2032.0,0
384.229,3.9,2235.0,285.0,2101.0,0
380.743,3.5,2238.0,303.0,2104.0,0
332.552,5.3,2225.0,293.0,2062.0,0
465.447,2.7,2243.0,288.0,2141.0,0
448.138,2.8,2240.0,294.0,2132.0,0
411.283,3.5,2235.0,304.0,2112.0,0
458.648,2.5,2239.0,296.0,2137.0,0
475.268,2.8,2234.0,295.0,2135.0,0
422.461,3.0,2237.0,304.0,2121.0,0
367.879,2.1,2224.0,335.0,2096.0,0
312.448,1.68,2229.0,351.0,2079.0,0
244.645,1.39,2233.0,368.0,2047.0,0
362.922,1.76,2231.0,335.0,2102.0,0
357.608,2.11,2233.0,343.0,2099.0,0
302.692,1.5,2229.0,352.0,2075.0,0
416.892,2.38,2228.0,320.0,2114.0,0
395.982,1.83,2224.0,330.0,2108.0,0
377.114,1.69,2223.0,338.0,2100.0,0
419.445,14.7,2242.0,226.0,2045.0,0
431.208,14.6,2242.0,224.0,2050.0,0
370.148,16.5,2242.0,238.0,2010.0,0
400.472,11.2,2249.0,244.0,2068.0,0
385.801,12.3,2253.0,243.0,2056.0,0
401.295,14.3,2249.0,233.0,2045.0,0
394.032,10.9,2248.0,248.0,2066.0,0
386.469,12.2,2251.0,244.0,2056.0,0
392.875,13.2,2256.0,230.0,2055.0,0
292.163,11.3,2193.0,301.0,1971.0,0
306.681,10.5,2199.0,290.0,1990.0,0
303.43,11.6,2204.0,302.0,1984.0,0
349.79,7.7,2222.0,302.0,2049.0,0
352.333,7.5,2225.0,301.0,2054.0,0
318.343,8.4,2221.0,309.0,2029.0,0
360.633,6.9,2236.0,291.0,2071.0,0
348.145,6.0,2233.0,310.0,2069.0,0
343.37,5.1,2228.0,321.0,2069.0,0
334.922,2.1,2221.0,332.0,2079.0,0
343.908,2.2,2221.0,328.0,2083.0,0
293.038,1.6,2218.0,352.0,2061.0,0
360.251,2.0,2214.0,334.0,2085.0,0
312.903,1.7,2220.0,341.0,2071.0,0
314.283,1.7,2218.0,343.0,2070.0,0
347.881,2.1,2216.0,332.0,2081.0,0
357.107,2.1,2212.0,332.0,2081.0,0
337.528,1.9,2215.0,332.0,2077.0,0
405.471,8.4,2248.0,248.0,2087.0,0
427.357,7.9,2249.0,246.0,2100.0,0
471.685,7.2,2249.0,252.0,2119.0,0
454.183,7.9,2248.0,242.0,2108.0,0
378.254,9.7,2247.0,254.0,2067.0,0
401.386,8.7,2247.0,251.0,2083.0,0
472.303,7.7,2248.0,244.0,2115.0,0
397.641,8.5,2249.0,244.0,2085.0,0
408.099,9.3,2247.0,251.0,2082.0,0
356.989,15.1,2228.0,236.0,2004.0,0
379.649,15.0,2225.0,224.0,2013.0,0
333.416,14.4,2215.0,242.0,1987.0,0
332.026,15.3,2250.0,248.0,2007.0,0
395.988,14.5,2233.0,229.0,2031.0,0
322.413,16.2,2240.0,240.0,1985.0,0
363.653,15.3,2241.0,235.0,2015.0,0
353.045,15.9,2240.0,237.0,2005.0,0
333.841,16.3,2240.0,236.0,1991.0,0
343.33,5.1,2246.0,300.0,2082.0,0
204.495,3.5,2252.0,351.0,2013.0,0
217.368,3.8,2254.0,351.0,2022.0,0
315.66,5.5,2254.0,298.0,2072.0,0
230.21,3.9,2257.0,338.0,2034.0,0
319.988,4.5,2250.0,309.0,2079.0,0
320.03,5.8,2256.0,301.0,2074.0,0
301.815,4.6,2251.0,315.0,2070.0,0
295.831,3.9,2250.0,324.0,2070.0,0
368.133,17.9,2230.0,229.0,1989.0,0
357.758,16.7,2240.0,245.0,2001.0,0
354.637,15.9,2242.0,249.0,2007.0,0
378.108,12.6,2256.0,237.0,2053.0,0
346.657,13.0,2254.0,259.0,2034.0,0
352.86,12.0,2253.0,255.0,2044.0,0
372.164,11.1,2257.0,245.0,2062.0,0
345.04,11.0,2256.0,249.0,2049.0,0
358.185,10.3,2257.0,252.0,2062.0,0
372.4,29.5135,2297.8,195.5,1945.2,0
397.4,29.3311,2317.1,193.6,1974.7,0
384.6,28.7359,2321.0,197.9,1974.7,0
376.9,29.5802,2295.6,195.7,1945.6,0
379.8,29.5895,2318.7,195.2,1962.7,0
360.4,29.9227,2311.7,196.3,1944.4,0
363.8,29.2029,2317.4,194.0,1956.5,0
387.7,29.9031,2298.7,193.4,1950.9,0
378.3,29.8392,2293.9,193.2,1942.9,0
370.4,29.6078,2303.8,195.1,1946.1,0
384.7,29.1874,2329.2,196.9,1977.1,0
397.8,29.117,2314.0,194.6,1974.0,0
389.5,29.3321,2319.2,193.7,1971.9,0
354.3,29.9335,2311.3,196.1,1940.1,0
377.1,29.1237,2303.8,198.0,1955.3,0
373.8,28.5478,2316.8,199.7,1966.7,0
360.4,28.8689,2291.7,197.6,1938.8,0
379.7,29.293,2299.8,196.7,1952.3,0
373.2,29.499,2300.4,196.7,1947.5,0
388.0,29.1545,2310.5,194.6,1965.5,0
361.3,28.2027,2322.1,200.0,1966.1,0
362.6,28.4533,2321.6,199.2,1964.4,0
368.8,29.4065,2308.9,195.8,1950.9,0
368.7,27.5523,2320.0,205.1,1974.0,0
384.0,29.1662,2325.4,195.2,1974.7,0
381.9,29.0974,2317.9,196.3,1968.1,0
383.3,29.1506,2320.7,196.5,1970.7,0
369.7,29.0947,2323.2,196.0,1965.0,0
373.9,29.0922,2323.0,196.2,1967.4,0
367.6,29.1783,2326.2,196.0,1965.4,0
370.3,29.2086,2326.8,195.0,1967.3,0
387.2,29.1416,2324.3,196.3,1975.9,0
367.7,29.1771,2329.1,196.0,1967.8,0
379.3,29.2366,2323.8,194.0,1970.2,0
367.7,29.6636,2319.4,201.1,1956.8,0
388.0,29.1204,2308.2,194.7,1963.9,0
370.4,27.4388,2342.1,209.3,1993.4,0
372.6,25.8741,2339.6,208.7,2005.4,0
345.8,26.5099,2321.7,204.8,1970.4,0
350.6,27.9157,2326.5,203.8,1965.3,0
361.7,26.9381,2347.0,211.1,1995.8,0
356.5,27.1979,2334.0,205.4,1980.6,0
357.3,26.5697,2329.3,209.3,1982.5,0
365.3,26.2362,2324.6,208.6,1986.4,0
356.9,25.5449,2354.4,215.2,2010.1,0
360.7,26.2444,2354.8,210.4,2007.0,0
378.1,27.7652,2349.6,207.5,2000.0,0
364.8,26.0367,2344.4,214.5,2002.9,0
362.2,24.8489,2337.5,204.7,2007.0,0
399.0,23.1873,2354.4,182.4,2054.7,0
371.1,25.6173,2335.4,200.0,2004.7,0
361.5,25.1692,2340.3,206.8,2005.5,0
363.0,24.0224,2350.9,204.0,2024.3,0
354.7,23.5004,2339.0,196.4,2014.5,0
372.4,22.8898,2337.0,200.6,2028.4,0
396.1,23.8528,2340.8,207.1,2036.7,0
357.6,23.8038,2338.9,205.5,2013.7,0
376.4,24.3577,2369.2,200.5,2043.0,0
368.2,23.5344,2362.2,199.0,2040.6,0
404.1,24.0392,2351.5,175.7,2048.2,0
382.0,21.4869,2340.2,199.2,2048.0,0
374.7,21.5363,2339.7,198.8,2043.2,0
393.5,23.4803,2348.3,186.8,2044.4,0
389.3,22.566,2357.4,189.5,2056.4,0
385.8,22.8976,2336.0,192.0,2035.3,0
379.9,21.8,2338.1,183.7,2042.7,0
394.2,22.0812,2331.7,183.2,2042.9,0
393.3,21.1442,2346.6,189.6,2062.3,0
395.5,20.7811,2331.7,190.0,2054.2,0
418.2,22.1411,2372.2,169.7,2086.2,0
380.9,20.0749,2336.6,194.9,2056.6,0
376.8,20.1791,2350.0,195.6,2064.6,0
393.3,19.6428,2343.6,189.0,2072.3,0
447.7,21.0206,2341.4,177.2,2085.3,0
416.0,22.3109,2351.8,164.7,2068.5,0
418.0,21.5327,2346.9,173.6,2071.8,0
410.4,21.5328,2349.5,166.7,2070.2,0
409.0,20.0182,2342.4,186.0,2076.1,0
381.3,21.2775,2347.7,190.8,2055.9,0
421.9,20.6016,2357.4,173.1,2089.5,0
408.5,21.3196,2336.9,173.0,2060.6,0
409.9,19.6017,2336.3,187.2,2075.0,0
433.7,21.433,2358.6,172.5,2088.8,0
397.3,20.5213,2340.4,181.0,2064.5,0
381.0,21.4561,2336.3,195.8,2044.9,0
397.5,19.6478,2334.8,189.3,2067.0,0
406.1,19.9432,2343.5,182.4,2076.2,0
399.1,20.5271,2336.9,179.3,2062.5,0
385.5,19.452,2342.7,187.5,2069.3,0
423.8,20.479,2351.8,177.7,2086.9,0
429.0,21.6858,2341.6,165.1,2071.4,0
411.3,21.0501,2338.5,181.0,2065.7,0
392.3,19.8354,2340.1,181.3,2067.4,0
432.1,21.1777,2356.0,173.6,2088.5,0
425.8,21.1398,2362.8,170.7,2091.5,0
471.5,17.4964,2334.6,165.5,2117.7,0
462.6,18.0063,2337.1,164.1,2112.2,0
480.6,16.5742,2319.6,164.7,2115.5,0
469.9,12.5735,2304.7,180.7,2128.7,0
463.5,11.8322,2301.2,186.3,2128.5,0
442.6,13.14,2312.4,189.7,2120.6,0
467.4,14.2224,2304.5,177.7,2115.1,0
488.9,14.3858,2300.0,172.1,2117.8,0
437.9,14.5653,2321.3,183.6,2115.7,0
457.7,13.9968,2304.6,186.1,2113.1,0
491.5,12.1859,2284.3,182.9,2120.9,0
478.4,13.5356,2303.2,172.6,2123.1,0
537.5,11.7346,2298.3,153.8,2150.6,0
429.7,11.4405,2302.3,179.8,2120.1,0
461.4,13.845,2299.7,184.7,2111.6,0
510.1,13.7189,2307.4,164.4,2136.1,0
446.3,12.7583,2301.8,189.3,2115.4,0
312.299,25.713,2242.0,227.0,1901.0,0
317.3,25.118,2281.0,220.4,1936.0,0
323.48,25.567,2241.0,218.0,1909.0,0
336.132,28.957,2237.0,205.0,1885.0,0
330.479,26.386,2237.0,213.9,1904.0,0
338.289,28.273,2197.0,206.9,1864.0,0
336.328,26.643,2234.0,211.0,1903.0,0
331.625,28.216,2226.0,205.4,1880.0,0
334.593,26.155,2243.0,212.3,1913.0,0
329.894,28.29,2227.0,204.0,1879.0,0
323.756,27.83,2242.0,205.4,1890.0,0
385.819,28.275,2273.0,203.9,1949.0,0
335.444,25.558,2240.0,213.4,1916.0,0
348.961,28.028,2218.0,204.8,1887.0,0
341.076,28.921,2259.0,200.9,1904.0,0
353.768,29.208,2251.0,200.0,1904.0,0
354.26,27.115,2222.0,207.0,1900.0,0
343.376,29.233,2245.0,199.7,1893.0,0
338.733,28.941,2257.0,200.3,1901.0,0
349.732,27.24,2219.0,206.3,1894.0,0
342.301,27.168,2209.0,206.4,1884.0,0
348.88,27.375,2239.0,205.0,1908.0,0
342.173,28.849,2260.0,199.7,1906.0,0
331.266,27.033,2217.0,206.3,1884.0,0
350.102,29.401,2230.0,198.2,1885.0,0
336.815,26.432,2247.0,207.9,1914.0,0
348.686,27.448,2240.0,204.5,1908.0,0
351.538,28.338,2181.0,202.4,1860.0,0
343.561,28.539,2232.0,200.7,1889.0,0
345.435,26.416,2243.0,207.8,1917.0,0
332.807,28.888,2252.0,199.0,1894.0,0
331.309,26.587,2252.0,206.7,1913.0,0
341.042,27.495,2217.0,203.8,1885.0,0
352.622,27.06,2220.0,205.2,1898.0,0
351.043,29.092,2244.0,198.2,1898.0,0
340.002,27.22,2220.0,204.6,1889.0,0
332.958,27.907,2247.0,202.0,1899.0,0
331.882,27.969,2246.0,201.8,1897.0,0
344.875,27.233,2220.0,204.4,1892.0,0
330.354,28.272,2234.0,200.9,1885.0,0
350.742,27.211,2218.0,204.4,1894.0,0
344.23,26.446,2245.0,206.8,1917.0,0
335.738,28.785,2254.0,198.8,1898.0,0
341.985,26.051,2235.0,208.4,1912.0,0
338.26,27.494,2218.0,203.4,1884.0,0
342.666,28.282,2195.0,201.3,1865.0,0
331.103,25.942,2260.0,208.1,1923.0,0
339.808,27.143,2218.0,204.5,1888.0,0
340.961,26.462,2244.0,206.5,1914.0,0
347.646,26.384,2246.0,206.9,1921.0,0
344.913,26.731,2241.0,205.6,1912.0,0
318.761,25.63,2275.0,208.9,1929.0,0
340.318,26.597,2246.0,205.9,1914.0,0
321.256,25.79,2244.0,208.7,1908.0,0
337.819,25.997,2240.0,208.0,1914.0,0
337.555,26.061,2236.0,207.7,1910.0,0
354.14,25.622,2249.0,208.5,1931.0,0
338.198,29.063,2245.0,197.3,1891.0,0
324.453,27.918,2253.0,201.0,1898.0,0
333.862,26.223,2253.0,206.6,1918.0,0
339.618,27.23,2246.0,203.2,1908.0,0
322.249,26.212,2255.0,206.6,1912.0,0
353.39,27.539,2198.0,202.5,1878.0,0
341.367,26.607,2244.0,205.2,1913.0,0
344.952,26.742,2241.0,204.8,1912.0,0
319.548,25.472,2287.0,208.4,1939.0,0
304.561,25.935,2273.0,207.1,1915.0,0
342.185,28.868,2246.0,197.6,1896.0,0
343.018,27.263,2203.0,203.2,1878.0,0
346.36,28.557,2271.0,198.1,1919.0,0
338.244,27.041,2229.0,203.8,1897.0,0
339.141,26.01,2239.0,207.3,1914.0,0
334.339,26.019,2238.0,207.2,1910.0,0
315.249,25.122,2287.0,209.4,1939.0,0
343.201,26.556,2241.0,205.0,1912.0,0
322.525,25.189,2288.0,209.0,1944.0,0
337.502,27.472,2217.0,202.0,1883.0,0
336.214,26.736,2244.0,204.3,1909.0,0
331.622,28.271,2233.0,199.3,1885.0,0
316.3,24.954,2284.0,209.8,1939.0,0
336.617,25.77,2240.0,207.8,1915.0,0
345.528,27.251,2205.0,202.8,1881.0,0
338.721,26.601,2246.0,204.6,1913.0,0
318.088,24.878,2287.0,209.9,1943.0,0
327.933,27.849,2236.0,200.4,1889.0,0
330.74,28.698,2259.0,197.0,1899.0,0
326.535,27.823,2242.0,200.1,1892.0,0
361.697,27.182,2231.0,202.3,1911.0,0
349.176,28.741,2262.0,196.8,1913.0,0
319.709,25.947,2271.0,205.9,1924.0,0
338.31,27.875,2226.0,200.0,1888.0,0
345.008,26.067,2239.0,205.9,1917.0,0
372.878,27.178,2233.0,201.9,1919.0,0
340.385,26.569,2238.0,203.9,1909.0,0
340.636,26.481,2241.0,203.9,1911.0,0
337.125,27.827,2232.0,199.7,1892.0,0
320.716,24.874,2291.0,208.8,1948.0,0
347.358,27.314,2217.0,201.2,1890.0,0
338.633,27.068,2226.0,202.0,1894.0,0
324.588,28.117,2235.0,198.3,1883.0,0
343.164,28.905,2254.0,195.5,1902.0,0
347.059,26.243,2260.0,204.1,1931.0,0
352.397,25.329,2249.0,207.6,1935.0,0
349.4,28.704,2269.0,195.7,1918.0,0
350.508,28.625,2275.0,195.9,1924.0,0
349.955,26.647,2243.0,202.8,1917.0,0
358.633,26.281,2255.0,203.4,1934.0,0
359.546,26.602,2194.0,202.7,1885.0,0
351.598,26.261,2249.0,203.4,1925.0,0
316.3,24.945,2284.0,207.3,1939.0,0
357.108,26.173,2240.0,203.9,1924.0,0
347.731,26.64,2242.0,202.0,1915.0,0
338.698,28.155,2263.0,196.7,1912.0,0
358.47,28.165,2237.0,196.9,1905.0,0
336.729,27.147,2250.0,200.1,1910.0,0
354.662,28.646,2269.0,194.9,1922.0,0
352.752,26.067,2237.0,203.8,1920.0,0
333.605,27.797,2229.0,198.1,1888.0,0
348.951,26.267,2251.0,202.4,1925.0,0
358.762,28.485,2161.0,196.4,1849.0,0
349.93,28.683,2272.0,194.0,1921.0,0
347.809,26.085,2244.0,202.8,1922.0,0
334.982,26.131,2262.0,202.1,1926.0,0
342.842,28.705,2262.0,193.3,1909.0,0
315.3,24.915,2286.0,205.4,1940.0,0
350.982,26.534,2237.0,200.6,1915.0,0
346.305,27.997,2270.0,195.0,1923.0,0
343.908,26.042,2238.0,202.1,1916.0,0
329.138,24.778,2288.0,205.3,1952.0,0
349.311,26.272,2252.0,200.5,1926.0,0
358.402,26.275,2239.0,200.6,1923.0,0
332.515,25.015,2288.0,203.8,1952.0,0
349.986,26.257,2250.0,200.0,1925.0,0
317.084,23.941,2238.0,207.8,1916.0,0
362.437,28.431,2190.0,193.2,1872.0,0
358.094,25.279,2248.0,202.7,1938.0,0
364.002,26.021,2244.0,199.9,1932.0,0
365.76,26.03,2244.0,199.8,1933.0,0
364.635,26.036,2240.0,198.6,1929.0,0
359.206,26.037,2245.0,198.6,1930.0,0
324.491,24.699,2291.0,201.8,1952.0,0
356.711,26.032,2243.0,197.7,1927.0,0
367.31,27.845,2288.0,189.4,1950.0,0
365.312,26.237,2240.0,194.6,1928.0,0
326.293,21.898,2239.0,205.0,1918.0,0
366.607,28.04,2274.0,187.9,1938.0,0
366.619,25.749,2240.0,195.4,1933.0,0
365.44,26.963,2221.0,191.1,1907.0,0
364.557,28.321,2286.0,186.0,1943.0,0
339.594,24.908,2290.0,196.4,1959.0,0
354.368,25.111,2281.0,194.2,1959.0,0
378.825,28.138,2262.0,184.9,1935.0,0
345.271,25.683,2278.0,192.0,1947.0,0
341.609,25.97,2271.0,191.2,1938.0,0
375.046,25.943,2252.0,189.1,1944.0,0
373.864,25.98,2243.0,188.4,1937.0,0
365.485,25.969,2252.0,186.2,1938.0,0
366.473,24.934,2283.0,188.8,1969.0,0
378.466,26.317,2248.0,184.6,1940.0,0
376.544,27.945,2262.0,178.4,1935.0,0
384.808,27.939,2265.0,177.0,1942.0,0
410.287,26.91,2244.0,180.0,1949.0,0
365.2,24.603,2286.0,185.3,1974.0,0
400.232,25.711,2223.0,180.8,1938.0,0
376.605,25.014,2248.0,181.5,1950.0,0
367.518,25.021,2257.0,180.4,1952.0,0
391.684,26.361,2214.0,176.2,1921.0,0
379.821,24.802,2254.0,179.4,1958.0,0
411.825,26.93,2308.0,171.7,1997.0,0
379.094,24.509,2288.0,177.3,1984.0,0
387.747,25.561,2258.0,173.7,1958.0,0
407.872,27.177,2267.0,168.1,1962.0,0
402.22,25.711,2237.0,172.2,1949.0,0
402.277,26.296,2262.0,170.1,1963.0,0
396.805,26.488,2284.0,168.0,1975.0,0
412.501,25.472,2231.0,171.1,1951.0,0
410.425,26.641,2260.0,167.5,1963.0,0
413.793,25.421,2270.0,169.1,1982.0,0
410.519,25.155,2255.0,170.0,1971.0,0
409.289,24.836,2242.0,170.6,1964.0,0
412.089,24.999,2244.0,168.3,1966.0,0
409.269,26.977,2272.0,160.0,1968.0,0
414.956,25.254,2274.0,164.0,1987.0,0
421.936,25.641,2276.0,159.5,1989.0,0
446.403,24.625,2278.0,161.9,2008.0,0
439.65,25.992,2223.0,157.6,1953.0,0
424.201,22.4,2270.0,165.9,2011.0,0
444.431,25.675,2237.0,155.8,1969.0,0
395.35,22.187,2298.0,164.2,2019.0,0
425.785,25.388,2272.0,155.7,1990.0,0
410.842,24.077,2236.0,158.9,1965.0,0
434.776,24.769,2270.0,156.1,1997.0,0
440.87,26.025,2258.0,152.1,1981.0,0
435.224,25.084,2216.0,153.6,1953.0,0
444.04,24.022,2248.0,155.2,1991.0,0
455.088,24.964,2244.0,152.5,1985.0,0
444.27,23.8,2288.0,153.9,2022.0,0
432.213,25.848,2276.0,148.4,1991.0,0
495.367,21.31,2293.0,160.3,2068.0,0
443.336,23.337,2253.0,154.1,2000.0,0
416.85,23.945,2283.0,151.4,2005.0,0
452.235,24.438,2257.0,150.1,1998.0,0
459.232,24.232,2251.0,149.6,1998.0,0
431.309,23.109,2259.0,152.3,2001.0,0
441.939,25.408,2255.0,145.4,1984.0,0
413.77,24.413,2235.0,148.0,1963.0,0
460.519,24.402,2260.0,147.3,2004.0,0
452.031,11.533,2322.0,187.2,2144.0,0
444.432,25.678,2272.0,142.5,1995.0,0
441.63,25.27,2281.0,143.3,2004.0,0
473.605,24.639,2263.0,144.4,2010.0,0
440.467,23.319,2258.0,147.8,2003.0,0
504.853,24.426,2256.0,144.1,2018.0,0
458.054,24.86,2262.0,141.4,2001.0,0
448.045,20.173,2278.0,151.8,2045.0,0
433.069,23.973,2288.0,141.4,2016.0,0
464.641,24.715,2244.0,139.5,1990.0,0
470.021,22.743,2259.0,144.2,2020.0,0
444.65,24.538,2273.0,138.8,2005.0,0
460.502,9.209,2314.0,186.5,2157.0,0
470.893,22.78,2260.0,142.5,2020.0,0
463.173,22.573,2290.0,142.5,2041.0,0
468.103,21.579,2268.0,145.4,2035.0,0
487.66,23.772,2271.0,137.8,2028.0,0
497.444,24.645,2249.0,135.9,2008.0,0
477.377,24.543,2281.0,133.8,2025.0,0
457.435,18.936,2282.0,147.8,2061.0,0
485.718,23.335,2242.0,136.1,2007.0,0
481.452,23.434,2246.0,135.6,2008.0,0
460.088,21.904,2280.0,137.9,2037.0,0
451.621,23.091,2283.0,135.1,2028.0,0
482.108,20.85,2264.0,139.3,2042.0,0
482.563,23.607,2274.0,132.5,2030.0,0
473.555,19.343,2274.0,142.9,2058.0,0
486.863,23.862,2250.0,131.4,2010.0,0
475.819,21.54,2274.0,136.5,2043.0,0
482.459,24.645,2286.0,128.1,2030.0,0
515.597,19.556,2271.0,140.6,2069.0,0
465.792,15.098,2329.0,152.1,2129.0,0
487.102,10.387,2319.0,167.8,2162.0,0
470.809,22.436,2280.0,132.3,2038.0,0
491.949,21.425,2273.0,134.7,2049.0,0
478.78,21.68,2266.0,133.3,2036.0,0
480.407,22.641,2280.0,130.9,2041.0,0
467.0,18.405,2318.0,138.7,2096.0,0
477.303,20.791,2298.0,132.7,2067.0,0
475.03,21.618,2296.0,130.0,2058.0,0
484.066,21.593,2295.0,129.9,2061.0,0
499.873,21.662,2278.0,129.6,2054.0,0
473.257,22.191,2292.0,128.0,2050.0,0
496.581,20.822,2270.0,130.7,2052.0,0
498.983,18.643,2286.0,135.4,2082.0,0
533.388,19.118,2276.0,134.1,2082.0,0
481.632,21.782,2284.0,126.7,2050.0,0
495.401,18.977,2288.0,133.6,2080.0,0
510.63,20.896,2281.0,128.9,2066.0,0
569.673,21.474,2269.0,127.4,2071.0,0
501.954,22.596,2259.0,124.8,2032.0,0
500.498,17.636,2289.0,135.8,2092.0,0
496.02,21.211,2280.0,126.6,2057.0,0
531.826,9.324,2318.0,160.5,2182.0,0
520.105,21.028,2281.0,126.8,2068.0,0
509.505,22.209,2262.0,124.0,2040.0,0
511.532,12.15,2323.0,150.0,2161.0,0
500.135,21.419,2263.0,124.7,2043.0,0
497.313,23.417,2303.0,119.1,2059.0,0
504.694,22.552,2322.0,120.2,2083.0,0
498.002,20.335,2276.0,125.1,2061.0,0
498.247,17.57,2273.0,131.5,2078.0,0
503.14,20.628,2280.0,124.1,2064.0,0
469.398,17.04,2289.0,132.8,2085.0,0
508.805,16.881,2289.0,132.7,2100.0,0
498.546,19.964,2274.0,122.7,2062.0,0
499.571,18.206,2294.0,126.6,2092.0,0
457.675,9.805,2323.0,149.0,2159.0,0
521.647,20.215,2290.0,120.7,2082.0,0
483.0,19.4,2296.0,122.1,2078.0,0
554.497,8.691,2312.0,151.9,2187.0,0
517.136,20.426,2262.0,119.4,2055.0,0
489.232,18.24,2308.0,124.0,2098.0,0
568.818,17.089,2284.0,127.1,2113.0,0
511.0,17.548,2297.0,125.5,2103.0,0
562.777,8.443,2319.0,151.0,2197.0,0
512.346,20.326,2293.0,118.2,2080.0,0
531.478,19.687,2290.0,118.6,2089.0,0
535.589,19.104,2292.0,119.8,2096.0,0
536.006,14.923,2295.0,129.3,2127.0,0
520.583,17.026,2306.0,123.6,2116.0,0
536.29,18.043,2289.0,121.3,2100.0,0
589.631,16.222,2287.0,124.7,2127.0,0
519.053,14.858,2305.0,127.8,2131.0,0
524.972,16.493,2303.0,123.3,2120.0,0
570.704,9.38,2319.0,142.4,2193.0,0
522.932,16.866,2313.0,120.3,2124.0,0
525.514,18.502,2298.0,116.7,2102.0,0
548.964,15.788,2273.0,123.0,2106.0,0
578.05,10.249,2313.0,136.9,2184.0,0
551.036,18.005,2295.0,116.8,2111.0,0
520.523,20.155,2293.0,112.1,2084.0,0
567.779,8.695,2306.0,141.4,2185.0,0
526.545,17.899,2300.0,116.7,2108.0,0
530.566,15.855,2309.0,121.2,2130.0,0
521.251,15.889,2293.0,121.0,2114.0,0
524.351,18.35,2288.0,115.0,2094.0,0
560.217,12.933,2319.0,127.7,2167.0,0
542.955,18.016,2290.0,115.3,2104.0,0
598.905,14.717,2296.0,123.0,2147.0,0
550.959,15.756,2295.0,120.3,2126.0,0
542.555,16.096,2281.0,119.3,2109.0,0
546.141,18.034,2297.0,114.8,2111.0,0
515.775,17.025,2298.0,117.0,2109.0,0
548.649,17.118,2297.0,116.7,2118.0,0
540.75,17.45,2299.0,115.8,2115.0,0
572.86,8.244,2328.0,140.1,2209.0,0
537.295,12.657,2321.0,126.7,2164.0,0
558.032,15.127,2304.0,119.3,2140.0,0
555.253,14.491,2307.0,119.9,2146.0,0
559.031,13.321,2305.0,121.4,2153.0,0
537.624,17.198,2302.0,112.1,2118.0,0
572.344,14.071,2304.0,118.5,2151.0,0
541.634,16.849,2285.0,111.9,2107.0,0
602.898,14.324,2300.0,117.3,2154.0,0
533.569,20.366,2289.0,104.2,2083.0,0
561.93,13.506,2310.0,118.7,2157.0,0
548.007,12.758,2318.0,120.2,2164.0,0
573.158,12.683,2304.0,119.3,2160.0,0
575.621,14.831,2293.0,113.3,2137.0,0
552.491,16.036,2289.0,110.1,2119.0,0
631.125,12.191,2301.0,118.9,2174.0,0
553.926,19.092,2299.0,103.0,2107.0,0
574.036,15.413,2291.0,110.7,2131.0,0
558.58,14.984,2305.0,111.6,2142.0,0
590.377,13.942,2309.0,113.7,2161.0,0
574.597,14.94,2302.0,111.4,2144.0,0
597.971,13.309,2309.0,114.3,2167.0,0
583.043,14.488,2305.0,111.3,2152.0,0
580.13,14.16,2308.0,111.7,2156.0,0
562.629,14.629,2309.0,110.3,2149.0,0
576.131,11.911,2310.0,116.1,2171.0,0
546.699,15.034,2296.0,108.7,2130.0,0
571.603,14.534,2301.0,109.6,2145.0,0
564.086,15.779,2305.0,106.1,2138.0,0
622.537,8.233,2327.0,124.2,2220.0,0
599.591,11.339,2319.0,115.4,2188.0,0
608.466,13.834,2302.0,109.5,2160.0,0
573.529,13.973,2302.0,108.8,2150.0,0
612.534,7.584,2335.0,124.9,2229.0,0
577.133,13.607,2314.0,109.4,2164.0,0
592.079,13.318,2312.0,109.8,2168.0,0
555.167,13.284,2304.0,109.8,2151.0,0
599.502,13.842,2309.0,108.5,2164.0,0
615.501,12.238,2309.0,111.7,2178.0,0
585.382,13.188,2313.0,109.1,2168.0,0
566.361,19.495,2305.0,96.0,2113.0,0
583.017,13.125,2311.0,108.4,2166.0,0
586.795,13.244,2313.0,108.1,2168.0,0
554.539,20.061,2306.0,94.0,2106.0,0
624.412,10.115,2306.0,114.0,2190.0,0
632.138,11.619,2297.0,109.0,2175.0,0
623.653,12.459,2305.0,106.6,2175.0,0
606.885,12.437,2304.0,105.1,2170.0,0
660.226,7.322,2335.0,116.3,2241.0,0
613.574,11.91,2295.0,105.1,2167.0,0
577.688,14.833,2313.0,97.6,2155.0,0
632.171,10.218,2320.0,107.0,2204.0,0
659.34,10.697,2323.0,105.0,2210.0,0
678.003,7.282,2333.0,112.9,2243.0,0
668.203,11.334,2314.0,102.7,2200.0,0
675.526,11.033,2295.0,103.3,2186.0,0
644.414,11.176,2300.0,102.8,2183.0,0
652.054,7.277,2342.0,112.1,2246.0,0
653.371,10.131,2324.0,104.5,2213.0,0
661.064,9.906,2324.0,105.0,2216.0,0
638.497,13.182,2312.0,97.6,2180.0,0
609.404,15.709,2300.0,92.0,2146.0,0
654.72,10.667,2314.0,102.2,2201.0,0
668.76,10.016,2323.0,103.1,2216.0,0
687.271,7.456,2331.0,108.8,2242.0,0
639.101,10.723,2316.0,100.4,2199.0,0
698.593,10.667,2315.0,100.4,2211.0,0
640.703,10.138,2325.0,101.5,2211.0,0
630.708,9.629,2323.0,102.3,2210.0,0
673.66,9.136,2325.0,103.4,2224.0,0
751.457,9.793,2340.0,101.8,2249.0,0
659.033,9.972,2325.0,101.2,2216.0,0
679.837,10.257,2321.0,100.5,2215.0,0
625.597,12.003,2304.0,96.7,2177.0,0
666.713,10.249,2325.0,100.2,2216.0,0
668.806,9.562,2330.0,101.6,2225.0,0
660.107,11.896,2308.0,96.5,2189.0,0
630.205,9.734,2326.0,101.1,2212.0,0
664.825,9.826,2326.0,100.1,2219.0,0
616.922,13.718,2304.0,92.0,2164.0,0
669.287,9.798,2327.0,99.7,2221.0,0
688.685,9.834,2325.0,98.9,2223.0,0
709.97,8.386,2319.0,101.0,2230.0,0
698.261,9.71,2310.0,97.7,2212.0,0
714.526,10.766,2298.0,95.2,2198.0,0
629.216,9.994,2326.0,96.3,2210.0,0
685.679,8.741,2334.0,98.7,2237.0,0
706.746,8.19,2337.0,98.6,2247.0,0
693.61,8.845,2334.0,97.1,2238.0,0
719.511,7.871,2342.0,99.2,2256.0,0
695.321,8.891,2335.0,96.8,2239.0,0
744.176,7.851,2323.0,98.9,2243.0,0
690.363,8.848,2326.0,96.5,2230.0,0
706.187,8.543,2336.0,97.1,2244.0,0
734.78,7.537,2325.0,99.3,2245.0,0
710.531,8.475,2338.0,96.7,2247.0,0
650.959,10.782,2316.0,91.8,2201.0,0
695.376,8.672,2338.0,96.0,2243.0,0
734.214,7.742,2320.0,97.9,2239.0,0
709.686,8.47,2337.0,96.1,2246.0,0
634.92,14.689,2305.0,84.0,2163.0,0
709.432,7.75,2339.0,97.6,2252.0,0
673.618,8.63,2336.0,95.6,2237.0,0
723.522,6.749,2357.0,99.7,2277.0,0
745.838,9.273,2326.0,94.0,2238.0,0
671.942,8.339,2340.0,96.0,2242.0,0
676.106,6.34,2358.0,100.5,2271.0,0
716.389,8.521,2337.0,95.5,2247.0,0
830.952,10.555,2342.0,91.2,2260.0,0
711.072,8.327,2338.0,95.6,2248.0,0
702.577,7.705,2338.0,96.7,2250.0,0
716.513,7.427,2329.0,97.2,2246.0,0
723.963,8.454,2334.0,94.9,2246.0,0
694.703,7.019,2343.0,98.0,2257.0,0
700.456,7.863,2347.0,96.1,2257.0,0
733.45,8.751,2335.0,94.0,2247.0,0
709.035,7.874,2342.0,95.8,2254.0,0
802.345,9.041,2351.0,93.2,2272.0,0
719.602,7.609,2348.0,96.2,2263.0,0
716.781,9.26,2310.0,92.5,2218.0,0
709.883,7.403,2352.0,96.3,2266.0,0
648.853,15.54,2305.0,80.7,2161.0,0
696.484,6.372,2358.0,98.5,2275.0,0
716.429,6.279,2361.0,98.7,2282.0,0
724.662,7.407,2349.0,96.0,2266.0,0
714.734,7.17,2343.0,96.5,2260.0,0
701.932,11.277,2323.0,87.9,2215.0,0
693.483,8.419,2338.0,93.6,2244.0,0
712.726,6.963,2352.0,96.5,2269.0,0
664.798,12.024,2320.0,86.0,2200.0,0
722.953,6.823,2350.0,96.5,2270.0,0
698.411,6.498,2354.0,96.9,2271.0,0
722.936,6.716,2358.0,96.4,2278.0,0
830.47,6.568,2328.0,96.7,2269.0,0
714.651,7.588,2350.0,94.4,2264.0,0
711.605,6.08,2366.0,97.7,2287.0,0
700.569,7.279,2351.0,95.0,2264.0,0
716.353,6.426,2363.0,96.9,2283.0,0
713.026,6.81,2353.0,96.0,2271.0,0
700.981,5.822,2372.0,98.1,2292.0,0
712.811,6.737,2358.0,96.0,2276.0,0
704.289,6.572,2362.0,96.2,2279.0,0
704.575,5.802,2371.0,97.9,2292.0,0
785.622,8.081,2335.0,92.8,2260.0,0
671.882,6.401,2358.0,96.3,2270.0,0
777.079,8.479,2313.0,91.2,2236.0,0
711.393,6.823,2361.0,94.7,2278.0,0
760.432,7.174,2332.0,93.8,2258.0,0
763.652,8.815,2308.0,90.2,2227.0,0
696.96,7.718,2348.0,92.5,2258.0,0
696.576,10.385,2314.0,87.0,2211.0,0
700.087,7.637,2349.0,92.5,2260.0,0
753.459,8.943,2315.0,89.4,2231.0,0
734.18,7.698,2349.0,91.8,2266.0,0
671.54,11.54,2322.0,84.2,2206.0,0
732.967,6.551,2343.0,94.2,2267.0,0
738.532,6.293,2362.0,94.0,2287.0,0
726.203,6.996,2331.0,92.4,2252.0,0
668.713,12.057,2313.0,82.2,2194.0,0
828.324,7.826,2338.0,90.3,2271.0,0
692.506,6.488,2353.0,93.1,2269.0,0
770.06,6.815,2355.0,92.4,2283.0,0
704.607,11.962,2328.0,82.1,2215.0,0
718.213,6.575,2345.0,92.6,2266.0,0
717.761,6.608,2341.0,92.3,2262.0,0
791.73,8.453,2333.0,88.2,2257.0,0
693.682,12.116,2312.0,81.1,2198.0,0
771.592,7.884,2343.0,89.1,2266.0,0
735.033,8.46,2332.0,87.5,2246.0,0
720.269,6.958,2359.0,90.4,2277.0,0
717.218,6.524,2346.0,91.2,2267.0,0
684.586,11.785,2325.0,81.0,2210.0,0
766.11,7.318,2348.0,89.3,2273.0,0
703.608,12.45,2312.0,79.5,2198.0,0
690.74,12.516,2325.0,79.2,2206.0,0
756.268,6.816,2362.0,89.8,2287.0,0
753.102,7.248,2350.0,88.1,2273.0,0
711.144,11.046,2327.0,80.1,2221.0,0
694.715,11.3,2328.0,79.0,2217.0,0
775.54,8.883,2328.0,83.3,2247.0,0
756.866,7.985,2340.0,84.6,2260.0,0
710.957,10.344,2330.0,79.9,2228.0,0
852.84,9.368,2326.0,81.7,2255.0,0
780.161,6.75,2356.0,86.7,2286.0,0
770.985,7.043,2351.0,86.0,2278.0,0
696.991,12.674,2327.0,75.6,2208.0,0
723.859,11.158,2325.0,77.5,2221.0,0
732.253,10.715,2329.0,78.0,2229.0,0
697.044,12.68,2327.0,74.6,2208.0,0
710.975,11.366,2311.0,76.5,2205.0,0
739.447,10.162,2329.0,78.5,2234.0,0
740.188,7.708,2347.0,82.7,2265.0,0
740.102,6.519,2360.0,84.9,2284.0,0
714.767,11.741,2314.0,75.4,2206.0,0
853.21,10.004,2328.0,78.0,2253.0,0
732.442,6.61,2362.0,84.2,2284.0,0
751.278,10.38,2316.0,77.0,2223.0,0
731.983,9.694,2320.0,78.1,2227.0,0
755.968,9.772,2320.0,77.8,2231.0,0
754.75,9.766,2328.0,77.3,2238.0,0
775.876,7.168,2352.0,81.8,2279.0,0
738.734,10.448,2327.0,75.8,2230.0,0
743.193,9.679,2334.0,76.7,2242.0,0
700.529,12.456,2329.0,72.0,2212.0,0
705.977,11.669,2328.0,73.2,2217.0,0
748.933,10.765,2326.0,74.6,2229.0,0
746.505,7.911,2335.0,79.5,2254.0,0
752.7,9.682,2331.0,76.3,2241.0,0
757.402,8.886,2325.0,77.5,2241.0,0
745.267,12.207,2315.0,72.0,2210.0,0
755.967,10.465,2329.0,74.6,2235.0,0
761.493,10.246,2321.0,74.8,2230.0,0
757.941,10.379,2328.0,74.4,2235.0,0
725.612,12.289,2323.0,71.1,2213.0,0
743.244,11.259,2317.0,72.6,2217.0,0
780.319,7.331,2350.0,79.3,2277.0,0
704.343,13.532,2324.0,69.0,2202.0,0
756.898,10.801,2319.0,72.7,2224.0,0
691.714,13.62,2329.0,68.3,2203.0,0
747.145,8.52,2341.0,76.4,2256.0,0
770.242,9.559,2329.0,74.3,2243.0,0
771.999,11.473,2327.0,71.0,2230.0,0
766.546,9.881,2320.0,73.2,2232.0,0
771.353,8.574,2327.0,75.1,2247.0,0
785.276,8.491,2339.0,75.2,2261.0,0
744.308,10.567,2320.0,71.7,2224.0,0
735.887,11.395,2315.0,70.4,2213.0,0
760.992,8.782,2327.0,74.2,2244.0,0
692.168,11.636,2321.0,69.5,2208.0,0
722.26,10.964,2328.0,70.6,2225.0,0
746.749,10.508,2317.0,71.2,2222.0,0
786.306,10.218,2328.0,71.6,2241.0,0
767.836,10.716,2326.0,70.7,2233.0,0
765.098,7.715,2339.0,75.6,2262.0,0
746.931,10.844,2328.0,70.2,2230.0,0
755.202,10.591,2319.0,70.4,2225.0,0
771.932,10.061,2319.0,71.1,2231.0,0
735.767,13.202,2325.0,65.9,2211.0,0
730.854,14.241,2323.0,64.3,2202.0,0
780.719,8.912,2335.0,72.1,2254.0,0
767.952,8.916,2331.0,71.7,2248.0,0
739.316,13.476,2326.0,64.7,2211.0,0
695.628,14.463,2326.0,63.4,2196.0,0
760.975,10.037,2321.0,69.6,2231.0,0
762.862,9.383,2335.0,70.0,2248.0,0
791.331,10.825,2329.0,66.5,2239.0,0
777.895,8.219,2343.0,70.5,2265.0,0
772.334,7.962,2336.0,70.6,2259.0,0
803.92,10.154,2330.0,66.8,2246.0,0
787.821,9.602,2336.0,67.4,2252.0,0
788.309,9.227,2327.0,67.9,2246.0,0
795.429,9.277,2326.0,67.4,2246.0,0
793.864,9.413,2337.0,66.3,2255.0,0
750.422,10.18,2335.0,64.7,2241.0,0
790.124,8.066,2340.0,67.5,2265.0,0
801.874,8.122,2349.0,66.0,2275.0,0
782.218,6.933,2355.0,67.2,2284.0,0
808.628,8.516,2346.0,64.6,2271.0,0
777.105,7.622,2346.0,65.4,2271.0,0
803.352,8.881,2345.0,62.6,2267.0,0
807.725,8.123,2348.0,63.7,2275.0,0
811.235,8.719,2336.0,62.5,2261.0,0
803.198,8.651,2349.0,62.1,2272.0,0
826.018,8.591,2337.0,61.7,2265.0,0
811.522,8.724,2336.0,61.3,2261.0,0
812.557,8.486,2344.0,58.5,2270.0,0
833.606,9.217,2345.0,55.8,2270.0,0
860.31,9.103,2342.0,55.7,2272.0,0
850.517,8.956,2346.0,55.2,2275.0,0
852.882,8.824,2347.0,53.6,2277.0,0
857.689,8.556,2352.0,52.3,2284.0,0
857.969,8.165,2355.0,46.5,2289.0,0
337.3,11.266,2294.7,274.0,2072.0,0
353.9,9.077,2283.2,284.2,2088.2,0
337.5,12.871,2299.0,269.5,2063.0,0
344.0,11.396,2292.4,276.3,2072.7,0
356.6,8.482,2281.8,288.7,2093.2,0
358.2,4.376,2275.6,315.4,2118.7,0
339.9,11.47,2293.6,276.3,2071.1,0
337.9,11.408,2293.0,273.8,2069.8,0
351.0,8.659,2282.0,287.5,2089.3,0
339.7,11.284,2294.4,273.7,2073.0,0
365.7,4.479,2272.9,313.9,2118.8,0
352.8,8.485,2282.6,289.2,2092.1,0
333.4,12.873,2301.1,268.5,2062.4,0
338.5,11.277,2293.5,276.3,2071.7,0
339.4,12.897,2301.5,267.3,2065.7,0
369.8,4.473,2272.2,313.6,2120.0,0
369.1,7.717,2275.5,292.6,2099.8,0
353.7,8.796,2284.2,285.7,2091.4,0
359.8,4.339,2275.4,315.4,2119.5,0
363.7,3.628,2280.4,318.3,2130.3,0
356.4,8.504,2281.9,287.8,2093.1,0
345.4,10.893,2294.7,270.0,2079.2,0
362.5,4.472,2274.6,313.7,2119.1,0
341.6,11.268,2292.5,275.9,2072.6,0
339.1,11.351,2292.8,272.4,2070.8,0
352.2,9.729,2288.3,280.6,2086.7,0
341.3,11.454,2293.4,276.7,2071.9,0
356.5,9.077,2283.2,283.7,2089.6,0
359.4,4.293,2276.6,316.0,2120.8,0
368.2,7.154,2275.8,296.0,2103.8,0
359.9,9.692,2296.4,272.3,2097.2,0
353.6,9.08,2283.1,284.8,2088.2,0
352.4,8.526,2282.9,288.2,2092.0,0
365.2,11.608,2304.8,252.9,2090.9,0
364.8,7.721,2276.3,292.6,2098.7,0
371.6,7.336,2275.9,296.1,2103.9,0
372.0,10.379,2298.2,259.8,2098.5,0
372.8,3.123,2276.0,318.3,2133.4,0
353.4,8.674,2282.8,286.5,2091.2,0
376.4,9.048,2293.7,269.8,2107.0,0
377.4,8.123,2284.5,278.9,2107.0,0
379.7,9.544,2294.1,266.6,2105.0,0
368.4,9.392,2291.7,269.3,2099.0,0
376.7,10.794,2301.8,250.3,2100.2,0
380.7,9.615,2295.1,262.4,2105.6,0
380.2,1.792,2280.0,320.9,2148.4,0
382.4,9.446,2290.6,267.2,2104.0,0
385.4,7.743,2283.5,276.6,2112.3,0
387.8,1.503,2282.6,318.0,2155.4,0
378.6,9.361,2295.3,265.8,2106.9,0
374.4,8.107,2285.4,278.2,2106.6,0
378.6,8.166,2286.8,277.2,2109.1,0
407.7,0.282,2294.4,315.4,2180.5,0
377.7,9.123,2291.3,268.6,2104.9,0
378.4,9.332,2291.9,269.5,2104.3,0
369.3,10.436,2302.6,253.9,2100.3,0
382.1,9.343,2294.1,264.6,2107.5,0
375.8,9.01,2294.0,269.6,2107.3,0
382.5,1.811,2282.4,315.2,2151.3,0
399.6,6.024,2278.9,283.4,2126.4,0
396.5,1.578,2285.0,310.1,2160.2,0
380.3,8.091,2287.9,275.7,2111.4,0
386.3,9.094,2291.8,267.7,2109.4,0
382.2,7.896,2287.8,275.7,2113.6,0
381.5,9.062,2291.8,266.9,2107.5,0
398.8,5.744,2282.0,281.4,2130.8,0
381.8,10.005,2297.5,254.8,2105.2,0
371.6,9.169,2293.9,270.6,2104.3,0
376.3,8.827,2290.8,273.6,2106.2,0
471.8,2.145,2295.9,256.1,2190.3,0
387.5,5.256,2281.5,292.3,2129.5,0
372.1,8.841,2291.0,270.7,2104.4,0
375.9,8.999,2291.8,270.3,2105.6,0
436.5,2.233,2286.3,282.1,2170.6,0
392.4,7.383,2285.3,271.1,2119.5,0
393.0,7.489,2283.0,274.6,2117.0,0
383.8,9.586,2295.0,258.3,2107.3,0
464.4,2.329,2293.6,259.2,2185.1,0
375.8,8.862,2291.1,270.4,2106.1,0
375.4,7.734,2287.3,278.3,2111.5,0
392.0,8.08,2288.7,267.2,2117.1,0
378.0,8.721,2289.1,273.7,2106.4,0
413.2,5.42,2281.4,275.8,2137.9,0
395.5,7.189,2282.8,273.7,2120.0,0
384.0,8.865,2290.2,269.2,2108.9,0
377.1,8.955,2294.5,269.4,2108.9,0
373.8,8.903,2291.9,270.9,2105.6,0
371.2,8.731,2291.6,270.2,2105.5,0
380.9,9.021,2291.9,269.9,2108.0,0
400.7,6.85,2283.8,267.6,2125.4,0
373.9,7.718,2287.6,280.2,2111.3,0
390.0,7.467,2287.8,270.9,2120.2,0
432.5,5.308,2283.3,262.2,2147.1,0
402.2,7.96,2287.1,252.8,2120.8,0
381.0,8.682,2289.6,270.4,2108.6,0
369.8,8.666,2290.7,274.5,2104.7,0
378.0,8.755,2292.3,270.7,2109.1,0
378.0,8.666,2289.7,274.3,2107.5,0
413.7,5.177,2282.5,272.6,2140.8,0
376.8,8.7,2291.4,273.3,2108.2,0
411.5,6.933,2282.0,266.0,2127.4,0
508.6,2.396,2297.1,238.1,2200.1,0
374.2,8.865,2294.5,270.8,2108.8,0
382.7,8.621,2288.8,269.0,2109.3,0
373.6,8.715,2291.8,270.1,2107.0,0
446.7,5.363,2286.1,246.8,2153.9,0
429.0,6.687,2284.2,252.1,2137.4,0
412.9,7.796,2286.7,256.2,2125.9,0
404.4,7.235,2286.7,259.1,2126.8,0
467.3,5.088,2287.4,237.6,2163.4,0
424.0,6.978,2286.0,252.1,2135.3,0
378.5,8.681,2289.3,273.0,2107.5,0
371.7,8.662,2289.6,273.5,2104.9,0
406.8,8.309,2287.3,258.6,2120.4,0
391.1,8.535,2289.5,266.4,2114.2,0
375.6,8.681,2289.7,272.5,2106.6,0
388.8,8.694,2290.2,258.6,2112.6,0
382.5,8.645,2288.7,268.7,2109.0,0
460.1,5.274,2286.6,240.4,2159.3,0
386.0,8.793,2293.0,266.1,2113.1,0
428.6,6.978,2285.0,252.8,2136.2,0
373.9,8.673,2292.2,271.2,2108.2,0
464.0,6.051,2288.4,229.8,2157.1,0
478.9,6.125,2288.0,223.1,2160.9,0
440.4,6.652,2288.1,238.4,2145.3,0
493.9,4.579,2290.5,229.3,2177.3,0
402.8,8.252,2286.7,259.3,2118.9,0
420.1,8.47,2288.2,239.8,2125.2,0
380.8,8.592,2289.6,264.5,2109.7,0
420.3,7.63,2287.3,245.0,2130.7,0
389.0,8.562,2290.7,263.3,2114.4,0
379.3,8.673,2289.3,271.9,2108.2,0
459.9,6.179,2286.1,235.6,2153.1,0
384.2,8.725,2293.4,268.2,2113.5,0
388.2,8.45,2288.7,265.6,2113.2,0
485.8,5.446,2291.8,221.9,2170.8,0
485.8,5.947,2288.2,222.5,2164.5,0
495.1,3.958,2295.9,226.1,2186.5,0
385.6,8.427,2289.6,269.3,2113.3,0
358.0,8.419,2297.6,275.3,2108.0,0
488.6,5.496,2287.2,226.8,2167.3,0
425.3,7.659,2287.3,243.9,2132.5,0
404.1,8.111,2289.9,250.3,2123.5,0
497.6,4.022,2296.2,226.0,2187.1,0
447.6,7.969,2289.9,217.7,2140.3,0
385.8,8.6,2291.0,262.4,2113.3,0
383.3,8.521,2292.8,258.7,2114.4,0
442.2,6.847,2287.2,236.3,2144.0,0
491.4,5.162,2288.1,226.3,2171.0,0
493.3,4.601,2295.0,222.0,2181.3,0
487.9,4.863,2294.5,221.2,2177.8,0
431.2,7.81,2288.3,243.3,2134.7,0
421.0,7.566,2287.5,239.6,2132.0,0
472.4,6.011,2288.3,224.0,2160.4,0
448.4,7.188,2288.6,224.5,2145.4,0
484.8,6.04,2289.2,217.0,2164.9,0
467.0,7.128,2289.8,216.2,2152.9,0
496.7,4.135,2295.5,223.0,2185.9,0
510.9,3.881,2295.4,223.4,2191.2,0
487.3,6.016,2294.8,201.6,2170.7,0
481.6,6.427,2291.0,216.2,2163.1,0
462.1,7.083,2288.2,216.3,2150.2,0
449.6,7.041,2294.3,223.2,2151.9,0
496.5,4.411,2293.7,222.5,2182.7,0
493.3,5.696,2293.8,210.8,2174.0,0
482.7,5.09,2295.1,212.9,2176.0,0
496.6,5.482,2290.6,211.6,2173.5,0
494.1,5.645,2292.4,212.0,2173.4,0
484.5,5.132,2295.9,213.6,2177.0,0
501.8,3.817,2300.0,217.6,2193.7,0
318.301,19.123,2333.7,239.2,2024.4,0
363.945,11.503,2267.6,285.8,2063.9,0
361.791,5.673,2270.6,309.4,2106.6,0
338.575,8.198,2254.3,309.5,2065.1,0
373.255,7.301,2271.0,303.8,2100.9,0
357.865,7.841,2262.9,306.6,2083.6,0
326.791,11.381,2280.8,284.7,2055.8,0
338.125,10.893,2269.0,293.4,2056.7,0
364.779,5.668,2270.2,311.4,2107.6,0
360.428,7.124,2262.8,309.3,2089.6,0
328.084,11.362,2280.7,284.9,2056.6,0
344.778,9.912,2272.0,296.0,2069.5,0
357.126,5.669,2272.8,309.3,2106.6,0
373.61,7.118,2272.2,305.6,2103.4,0
350.531,7.833,2261.8,307.7,2079.5,0
373.637,6.554,2263.2,303.3,2099.6,0
335.424,11.149,2280.5,282.6,2062.0,0
357.118,9.506,2276.3,286.7,2081.7,0
358.964,5.633,2272.9,309.8,2107.8,0
366.738,6.513,2273.5,308.1,2105.7,0
363.838,6.545,2262.2,306.7,2094.7,0
383.509,5.993,2263.8,302.9,2107.9,0
344.502,10.697,2282.9,276.3,2071.9,0
324.805,18.424,2330.6,227.7,2032.4,0
369.148,9.239,2283.8,277.8,2095.0,0
367.674,5.481,2273.1,308.9,2112.8,0
369.252,6.238,2261.3,303.6,2098.3,0
368.074,5.9,2274.7,307.7,2111.5,0
356.382,10.08,2286.9,274.6,2085.4,0
380.861,9.351,2288.7,264.5,2103.1,0
374.923,5.101,2275.8,303.1,2120.7,0
419.429,3.556,2267.8,310.8,2140.3,0
404.799,4.357,2277.7,298.9,2138.7,0
339.904,18.103,2330.4,222.3,2044.4,0
336.435,18.103,2329.8,222.2,2041.8,0
377.284,5.401,2276.2,305.5,2120.0,0
368.248,6.014,2265.3,301.7,2102.8,0
387.136,5.33,2267.9,297.7,2117.3,0
413.399,4.417,2269.4,302.9,2134.3,0
408.246,3.992,2269.3,304.0,2135.0,0
380.892,9.412,2289.0,270.6,2103.0,0
389.676,8.584,2288.0,264.3,2111.9,0
370.32,5.329,2266.8,301.7,2109.7,0
397.657,4.917,2269.0,296.0,2125.0,0
403.401,4.534,2278.7,293.8,2138.0,0
395.59,4.633,2277.5,302.8,2133.4,0
407.369,3.645,2272.8,300.0,2140.0,0
379.894,7.774,2286.5,271.3,2112.8,0
407.181,4.467,2280.4,286.2,2141.3,0
412.143,8.583,2288.6,249.5,2121.4,0
408.046,8.088,2285.5,255.6,2120.9,0
441.584,3.495,2275.1,288.5,2154.5,0
408.884,4.6,2271.8,292.7,2133.6,0
389.134,4.776,2269.5,296.9,2123.2,0
423.415,3.544,2275.1,289.4,2148.2,0
467.945,3.071,2281.9,272.2,2171.3,0
451.373,7.739,2291.2,224.7,2143.8,0
458.412,7.776,2295.0,218.1,2149.2,0
467.895,3.037,2283.8,260.6,2173.1,0
461.063,4.351,2280.5,260.2,2159.9,0
454.308,4.484,2278.4,259.6,2155.2,0
407.003,4.243,2274.5,283.6,2137.7,0
461.046,3.408,2280.2,260.5,2165.5,0
456.345,3.934,2288.4,251.4,2168.3,0
474.716,7.023,2294.2,214.3,2159.0,0
461.495,4.7,2281.6,241.5,2158.9,0
484.569,2.913,2288.0,244.5,2182.5,0
466.672,3.963,2283.4,252.2,2166.8,0
471.775,5.22,2289.6,225.5,2166.0,0
400.152,14.307,2324.0,203.5,2102.8,0
392.755,14.311,2324.3,204.3,2099.6,0
481.695,5.654,2291.5,222.0,2167.9,0
464.019,3.906,2285.3,244.0,2168.2,0
483.616,3.545,2288.4,244.0,2179.0,0
448.37,8.403,2301.5,203.9,2148.7,0
445.592,8.4,2296.6,202.5,2143.4,0
321.733,21.656,2401.5,242.8,2052.9,0
327.002,22.826,2404.3,235.4,2048.3,0
337.28,22.642,2409.2,231.1,2061.4,0
346.939,24.948,2428.0,228.5,2060.5,0
371.8,26.645,2345.8,246.7,2002.0,0
375.895,25.915,2374.1,244.8,2031.3,0
373.955,26.355,2381.0,227.5,2032.2,0
335.014,22.675,2411.2,231.4,2061.4,0
358.823,25.674,2368.7,219.4,2018.8,0
324.47,21.097,2396.5,244.7,2055.9,0
356.138,25.266,2359.3,234.4,2014.2,0
374.997,26.555,2368.3,222.7,2020.8,0
358.697,25.056,2356.3,239.9,2015.3,0
360.298,25.662,2349.5,247.5,2006.1,0
349.152,25.622,2357.1,224.0,2005.0,0
384.892,26.482,2373.7,225.0,2031.0,0
366.343,25.781,2368.9,236.7,2023.1,0
345.396,25.949,2352.2,233.1,1996.8,0
357.519,24.321,2443.0,224.5,2082.7,0
341.02,24.365,2340.5,234.5,1999.3,0
360.179,26.188,2334.7,218.5,1991.1,0
364.542,25.344,2360.3,235.3,2019.0,0
346.104,26.067,2362.4,219.1,2004.0,0
380.963,25.923,2371.5,243.3,2032.2,0
376.528,26.337,2366.4,228.0,2022.0,0
355.375,24.787,2354.0,224.1,2014.2,0
383.123,26.111,2378.4,216.6,2036.9,0
324.455,22.834,2404.4,236.4,2046.3,0
382.233,26.389,2375.5,225.8,2031.7,0
370.82,26.063,2373.8,235.3,2026.8,0
342.51,24.895,2429.9,229.4,2059.5,0
360.64,25.35,2360.6,225.2,2016.8,0
336.697,24.87,2397.2,243.8,2031.8,0
331.801,22.838,2399.7,237.2,2047.8,0
338.155,22.709,2410.7,230.9,2062.6,0
337.032,24.365,2345.8,233.5,2000.9,0
366.917,26.341,2372.6,226.6,2021.1,0
358.896,25.059,2357.4,239.2,2016.3,0
368.699,26.069,2376.2,236.1,2027.4,0
359.28,25.344,2363.1,235.4,2018.0,0
349.896,25.948,2350.0,232.5,1997.9,0
350.712,25.627,2356.1,217.0,2005.5,0
373.011,26.353,2367.2,222.6,2020.4,0
354.747,24.327,2443.3,224.7,2081.3,0
353.388,25.276,2362.3,234.3,2014.8,0
366.389,26.315,2348.3,216.1,2003.7,0
380.162,26.357,2373.6,226.9,2030.0,0
338.831,24.869,2396.4,245.5,2033.1,0
356.569,25.921,2389.5,243.2,2031.5,0
359.058,26.073,2354.3,221.1,2005.8,0
350.578,25.668,2356.7,248.0,2005.7,0
382.246,26.485,2374.1,225.7,2029.7,0
370.647,25.783,2365.7,235.6,2023.0,0
358.527,25.676,2368.8,217.9,2018.7,0
361.476,25.354,2360.0,200.4,2016.9,0
320.749,21.07,2399.9,240.5,2056.4,0
344.66,24.891,2429.2,229.5,2060.4,0
353.893,24.791,2354.6,223.8,2013.5,0
377.304,26.09,2382.4,216.5,2036.9,0
378.596,26.394,2376.5,225.1,2030.3,0
339.568,22.713,2409.2,231.0,2062.2,0
371.612,25.695,2371.2,224.0,2028.7,0
354.504,24.319,2446.5,225.0,2083.7,0
346.549,25.952,2353.0,225.7,1998.1,0
380.758,26.394,2376.3,222.6,2031.4,0
383.553,26.359,2372.2,224.7,2030.5,0
376.765,26.071,2371.5,218.3,2028.3,0
320.622,21.065,2399.8,241.2,2056.3,0
343.456,24.369,2340.5,205.3,2000.8,0
345.566,25.67,2360.8,248.4,2005.6,0
328.168,22.837,2404.0,235.9,2048.8,0
362.328,25.061,2356.5,225.5,2017.7,0
380.482,26.086,2380.0,216.2,2036.8,0
381.732,26.53,2370.5,222.2,2026.3,0
377.136,26.342,2367.7,224.3,2023.5,0
450.019,21.796,2369.4,177.9,2100.4,0
354.587,24.795,2355.2,223.2,2014.5,0
352.776,25.628,2354.9,215.3,2005.7,0
341.296,24.892,2432.3,226.1,2060.6,0
366.338,26.313,2347.9,216.7,2003.2,0
355.829,25.275,2360.3,211.3,2014.7,0
338.314,24.863,2406.5,240.6,2040.0,0
469.569,20.711,2386.7,170.8,2131.5,0
383.207,26.49,2374.8,225.3,2030.9,0
354.521,26.076,2357.7,223.0,2005.6,0
417.769,22.206,2371.9,184.0,2083.9,0
361.453,25.344,2359.4,174.9,2016.5,0
540.681,18.596,2359.4,139.3,2151.8,0
384.94,26.398,2373.4,226.2,2031.5,0
379.058,25.901,2374.6,224.6,2034.0,0
367.166,24.957,2394.0,213.8,2049.0,0
354.583,24.325,2446.0,224.4,2083.3,0
429.808,21.291,2368.5,200.3,2094.4,0
377.843,26.087,2382.4,216.0,2037.2,0
376.478,26.349,2366.4,222.1,2021.8,0
457.734,20.418,2354.5,176.2,2103.8,0
351.124,24.816,2403.2,240.3,2046.2,0
367.175,26.314,2348.5,216.0,2004.4,0
559.596,18.214,2362.3,137.2,2163.5,0
380.25,26.466,2381.0,221.7,2033.9,0
341.693,22.703,2408.8,230.9,2063.4,0
350.423,25.66,2358.9,243.7,2007.4,0
393.192,24.78,2407.3,218.5,2074.3,0
356.017,24.779,2355.2,222.6,2015.6,0
361.054,26.09,2354.4,219.6,2007.0,0
376.668,26.49,2380.2,224.9,2031.2,0
409.187,23.734,2371.5,210.9,2066.6,0
320.254,21.074,2400.4,243.3,2056.3,0
329.735,22.84,2403.1,236.0,2049.1,0
531.212,19.14,2372.5,148.3,2155.2,0
454.341,22.342,2387.8,156.6,2111.4,0
346.081,24.891,2428.5,226.9,2060.9,0
445.265,21.905,2389.6,187.7,2112.5,0
405.356,22.956,2372.8,208.9,2072.0,0
482.14,18.076,2357.2,187.4,2133.2,0
569.744,16.697,2357.2,121.3,2173.0,0
373.089,26.087,2386.4,215.1,2037.4,0
344.274,20.921,2395.6,238.9,2071.4,0
347.386,24.142,2450.3,225.7,2083.8,0
521.44,19.72,2378.0,151.3,2151.4,0
372.155,26.083,2363.1,216.1,2019.8,0
324.149,20.982,2398.4,244.3,2058.3,0
389.69,25.393,2380.5,213.8,2048.5,0
372.107,26.442,2386.2,221.7,2033.4,0
352.421,24.842,2424.4,227.6,2062.1,0
379.787,25.753,2394.4,208.3,2049.6,0
378.997,26.35,2366.7,220.9,2023.6,0
337.253,22.698,2403.4,242.2,2055.6,0
575.135,15.16,2341.0,140.5,2172.2,0
495.507,20.499,2386.5,143.4,2142.6,0
574.131,16.871,2356.9,136.8,2172.9,0
477.916,21.205,2388.8,163.3,2131.5,0
537.003,19.113,2372.6,138.6,2157.0,0
558.909,17.191,2363.7,137.1,2171.7,0
382.54,26.335,2382.0,223.3,2037.2,0
544.461,18.418,2362.8,145.7,2157.7,0
379.204,22.905,2423.5,228.6,2094.6,0
625.413,15.233,2339.2,114.2,2183.8,0
411.612,23.09,2417.1,200.1,2106.4,0
381.817,23.121,2420.6,227.2,2092.8,0
428.427,23.154,2380.5,199.8,2088.2,0
341.055,19.904,2396.9,230.0,2079.8,0
415.781,23.714,2385.6,195.1,2080.5,0
613.327,14.871,2340.3,127.0,2184.0,0
397.415,22.635,2404.1,190.5,2093.2,0
646.712,14.474,2335.5,133.3,2191.0,0
552.089,16.876,2358.9,136.7,2167.7,0
351.947,23.06,2428.9,233.9,2081.0,0
465.988,20.195,2402.2,174.4,2144.6,0
436.995,22.692,2410.8,194.2,2117.5,0
365.723,23.245,2437.6,221.0,2094.7,0
534.514,17.158,2366.5,147.4,2166.2,0
589.039,14.802,2347.1,114.2,2183.0,0
369.957,26.089,2389.4,204.2,2037.9,0
428.915,21.348,2419.8,194.7,2132.1,0
536.16,17.325,2369.3,170.4,2167.6,0
449.471,21.723,2412.6,179.7,2132.6,0
447.543,21.734,2406.6,177.2,2127.8,0
599.427,14.346,2340.9,135.3,2184.3,0
531.207,17.593,2372.8,135.0,2166.9,0
434.035,24.037,2389.3,190.4,2088.4,0
653.336,13.322,2329.3,111.2,2194.8,0
418.485,24.048,2408.2,187.2,2095.2,0
585.035,17.079,2358.6,147.1,2175.9,0
596.655,13.454,2326.1,142.7,2176.7,0
435.101,22.978,2408.2,172.8,2112.3,0
346.539,20.262,2397.5,222.9,2078.8,0
341.28,21.021,2411.4,233.2,2079.8,0
426.844,21.75,2383.3,193.3,2100.7,0
487.062,17.931,2383.0,157.5,2155.7,0
486.994,19.088,2375.3,155.4,2141.5,0
676.047,11.953,2317.0,115.5,2197.9,0
608.037,13.042,2327.9,125.5,2184.1,0
569.282,13.242,2334.0,146.4,2177.6,0
360.753,21.933,2419.0,224.0,2089.6,0
498.556,18.625,2386.8,158.3,2158.5,0
581.444,11.972,2322.7,145.7,2179.9,0
343.608,18.996,2398.5,217.1,2090.9,0
543.641,14.111,2346.7,143.3,2175.0,0
542.679,15.163,2348.4,141.6,2168.4,0
658.545,13.25,2327.5,104.6,2194.7,0
585.574,14.0,2333.6,134.3,2176.5,0
352.58,20.301,2407.1,224.5,2089.8,0
614.894,12.028,2322.9,136.3,2188.5,0
491.838,18.29,2381.6,145.3,2155.3,0
575.95,15.77,2352.8,135.8,2177.1,0
498.388,16.201,2368.8,148.9,2162.5,0
644.37,12.397,2327.7,107.2,2197.4,0
495.143,17.976,2383.7,148.6,2159.5,0
609.268,12.146,2320.2,135.2,2183.8,0
503.053,21.004,2394.3,144.4,2148.0,0
591.387,13.476,2334.0,124.5,2182.1,0
415.062,23.421,2389.5,187.2,2086.4,0
389.304,22.285,2430.4,202.1,2111.6,0
360.83,19.559,2390.9,217.4,2088.6,0
365.235,19.606,2399.6,208.5,2098.5,0
600.26,10.942,2313.2,145.2,2183.3,0
561.601,14.601,2337.4,142.4,2168.9,0
591.536,10.892,2310.8,137.6,2179.4,0
445.78,20.664,2375.4,193.4,2112.1,0
684.509,12.428,2321.1,100.8,2200.0,0
357.917,19.0,2389.9,221.6,2091.1,0
382.965,19.687,2397.5,210.5,2105.2,0
345.774,18.776,2398.4,214.6,2093.6,0
589.454,12.405,2330.5,126.3,2185.8,0
560.254,12.697,2329.5,145.4,2175.1,0
521.549,15.468,2352.7,150.4,2162.8,0
566.244,12.337,2330.9,140.0,2180.4,0
518.114,17.6,2379.6,140.6,2168.1,0
659.667,11.184,2314.5,111.8,2197.1,0
629.108,11.781,2315.7,125.5,2187.1,0
443.446,20.219,2383.2,174.8,2120.8,0
554.007,13.773,2339.6,142.1,2174.1,0
407.743,21.949,2423.1,208.2,2118.8,0
597.138,12.965,2327.0,142.6,2180.9,0
500.697,19.235,2388.4,144.4,2156.0,0
677.77,10.923,2310.1,122.2,2198.5,0
621.874,12.94,2328.0,130.3,2188.3,0
629.81,11.1,2312.0,149.3,2188.6,0
482.502,17.545,2375.1,154.4,2150.5,0
535.011,16.222,2361.9,128.9,2169.1,0
628.932,10.51,2309.5,148.7,2190.0,0
566.811,16.23,2358.3,128.4,2176.6,0
536.497,13.26,2333.2,153.0,2167.4,0
618.186,10.331,2308.8,144.5,2187.7,0
382.96,19.165,2393.6,208.6,2106.5,0
498.711,15.205,2346.8,162.6,2152.5,0
570.943,14.653,2348.2,125.7,2179.7,0
712.967,11.667,2314.1,97.0,2204.4,0
597.234,11.266,2322.2,128.2,2188.3,0
369.495,18.782,2386.5,209.4,2097.9,0
642.684,10.951,2311.4,126.7,2191.8,0
351.774,18.872,2389.6,221.3,2088.2,0
587.153,12.116,2322.5,140.4,2180.3,0
607.2,10.155,2309.2,140.2,2186.6,0
643.706,10.397,2313.0,130.0,2197.1,0
473.106,18.723,2369.7,162.0,2134.7,0
596.682,11.714,2321.0,136.2,2184.0,0
352.88,18.51,2393.6,214.4,2097.0,0
506.821,17.717,2375.0,145.2,2158.9,0
428.521,20.409,2412.5,191.8,2134.7,0
498.048,16.11,2361.6,149.4,2156.5,0
669.78,10.425,2307.2,116.8,2197.4,0
652.941,11.422,2311.2,126.2,2190.6,0
581.349,11.448,2324.1,142.0,2184.7,0
580.351,10.879,2312.1,151.0,2177.7,0
601.981,11.446,2322.4,134.4,2188.5,0
540.486,13.748,2344.9,144.9,2175.1,0
521.055,11.876,2324.4,155.5,2165.3,0
607.698,11.274,2327.2,118.8,2195.3,0
631.9,10.053,2307.1,125.3,2191.0,0
644.335,10.256,2309.2,147.4,2194.5,0
524.483,14.936,2347.3,152.3,2163.7,0
550.768,10.71,2309.5,153.7,2169.0,0
605.21,10.352,2308.7,141.3,2184.4,0
659.901,9.786,2305.3,130.2,2197.3,0
648.366,10.128,2307.5,126.7,2194.8,0
749.772,10.861,2308.5,94.7,2211.3,0
657.088,10.089,2308.7,125.8,2197.8,0
630.228,10.5,2312.2,131.5,2192.3,0
688.96,9.701,2302.3,123.6,2201.3,0
712.777,9.97,2305.5,110.5,2207.3,0
602.313,9.822,2305.4,148.2,2184.2,0
636.089,9.36,2302.6,140.9,2192.4,0
625.546,10.555,2317.0,134.2,2195.1,0
672.36,9.84,2306.2,135.7,2200.6,0
379.032,17.732,2378.0,207.5,2105.3,0
571.175,10.975,2314.0,150.8,2176.4,0
667.193,9.133,2304.2,128.7,2201.8,0
671.478,9.557,2308.3,126.8,2203.7,0
681.783,9.195,2302.5,122.2,2202.9,0
665.989,8.85,2300.8,137.4,2200.3,0
368.122,17.896,2387.3,215.1,2104.9,0
630.936,9.551,2308.5,142.2,2195.4,0
690.226,9.175,2301.1,125.5,2203.4,0
596.996,8.902,2301.9,159.3,2185.6,0
734.736,9.668,2303.4,104.0,2211.4,0
590.658,10.821,2312.2,144.6,2180.9,0
371.175,17.788,2379.7,215.0,2102.4,0
674.403,9.497,2301.1,126.7,2198.5,0
638.723,13.09,2332.2,108.6,2195.5,0
594.164,10.234,2307.1,154.2,2181.2,0
366.401,18.461,2385.5,217.6,2097.1,0
752.683,10.038,2306.7,92.6,2215.1,0
543.67,12.165,2326.2,142.7,2171.4,0
598.182,11.259,2321.3,129.5,2187.4,0
469.143,16.652,2369.1,169.8,2148.8,0
700.878,9.379,2302.8,119.6,2205.9,0
715.182,9.304,2303.4,116.7,2209.8,0
626.954,9.354,2301.8,145.2,2189.6,0
391.175,22.2605,2420.5,211.4,2104.2,0
354.227,23.6286,2393.0,205.7,2050.0,0
357.73,23.5488,2431.3,205.3,2080.0,0
384.473,22.8094,2432.1,209.4,2103.5,0
352.984,24.1087,2393.5,205.0,2045.0,0
377.438,23.8714,2441.3,204.4,2096.2,0
380.626,23.0176,2446.3,206.3,2109.3,0
346.368,23.6345,2393.4,206.0,2045.0,0
350.367,24.0636,2394.2,203.7,2044.3,0
355.864,24.1668,2396.4,204.0,2048.7,0
353.666,24.106,2398.0,203.4,2049.1,0
353.6,24.252,2426.4,204.6,2068.1,0
364.008,24.2712,2435.3,204.8,2080.2,0
402.262,22.2206,2415.0,211.8,2106.4,0
372.483,23.675,2447.1,205.5,2099.4,0
356.041,24.4544,2398.7,205.6,2048.0,0
371.241,23.6573,2443.7,204.8,2096.3,0
378.448,23.8449,2440.0,206.2,2096.0,0
383.698,22.6627,2419.4,210.1,2095.3,0
388.894,21.8702,2419.0,212.1,2105.1,0
377.544,20.8117,2417.3,217.2,2106.9,0
378.705,19.951,2407.6,221.5,2107.8,0
352.029,23.6701,2396.9,206.1,2051.1,0
349.469,24.9442,2412.5,203.0,2049.6,0
360.835,25.3266,2381.4,201.1,2031.3,0
358.692,25.1175,2378.2,202.7,2029.5,0
400.381,22.0679,2407.4,213.9,2101.2,0
352.68,25.2064,2376.1,203.2,2023.8,0
357.112,25.389,2370.8,203.5,2021.2,0
352.602,25.3947,2370.5,205.2,2018.3,0
374.783,23.756,2444.3,204.8,2097.9,0
373.575,23.7829,2446.9,205.6,2098.9,0
348.804,22.5563,2395.4,208.8,2057.7,0
351.202,25.072,2410.5,203.3,2047.9,0
368.338,23.9204,2422.6,204.0,2076.9,0
382.852,19.4188,2402.0,222.9,2110.4,0
356.298,23.6375,2391.2,205.1,2049.8,0
357.657,24.3479,2396.8,208.3,2048.5,0
357.935,25.0243,2395.8,205.6,2042.2,0
358.582,24.998,2399.7,203.3,2045.8,0
375.462,23.0892,2452.1,206.4,2110.3,0
390.178,21.3927,2417.0,215.8,2108.6,0
375.528,19.5005,2403.2,223.1,2106.5,0
361.814,23.6973,2427.2,204.8,2078.1,0
361.099,23.7178,2432.8,205.5,2081.6,0
365.427,24.0992,2438.5,205.2,2085.0,0
384.063,22.2994,2417.5,211.4,2097.5,0
393.641,20.8233,2414.3,218.2,2113.5,0
375.648,23.978,2435.5,203.3,2090.0,0
384.683,22.8362,2441.7,209.0,2110.2,0
390.117,23.0701,2439.0,209.0,2109.4,0
391.108,21.9782,2415.4,213.0,2102.9,0
352.781,23.6201,2389.8,205.1,2046.6,0
601.994,10.7226,2376.0,196.8,2043.0,0
380.861,23.1145,2429.0,209.4,2096.5,0
361.441,23.6569,2398.4,205.8,2058.2,0
369.3,25.1728,2408.7,203.3,2056.9,0
388.189,20.42,2411.1,218.8,2111.4,0
376.923,25.3045,2373.8,198.0,2035.3,0
357.449,24.1608,2396.5,206.1,2049.9,0
383.713,23.1051,2435.7,209.4,2103.1,0
352.274,23.6063,2393.1,206.1,2048.9,0
379.807,24.7881,2369.7,202.3,2038.8,0
374.084,25.0866,2378.2,199.0,2039.0,0
353.392,25.0571,2375.4,201.8,2024.9,0
374.942,19.4791,2402.8,222.9,2106.1,0
382.243,19.5091,2400.5,222.8,2108.0,0
376.072,22.8472,2448.8,207.8,2110.2,0
392.93,25.3451,2373.2,197.5,2043.5,0
358.18,23.6704,2390.8,206.5,2050.4,0
345.321,23.687,2398.5,210.3,2048.1,0
346.195,23.7872,2395.1,205.0,2044.8,0
361.588,23.649,2393.9,206.1,2055.0,0
371.182,23.8583,2445.3,204.3,2095.6,0
367.341,24.5617,2396.5,201.5,2052.4,0
355.77,23.4168,2393.5,206.8,2053.0,0
356.988,24.2949,2431.7,204.7,2073.1,0
361.564,23.8388,2439.1,204.3,2085.5,0
356.819,24.5483,2394.2,201.7,2044.3,0
351.875,24.1963,2424.2,203.9,2065.7,0
348.658,23.6834,2394.5,205.7,2046.9,0
358.658,23.5545,2429.8,206.4,2079.4,0
391.23,22.173,2419.9,211.7,2104.6,0
353.975,23.6403,2392.0,205.8,2049.0,0
388.683,21.2955,2416.4,216.8,2108.2,0
353.64,23.7332,2394.9,206.3,2050.3,0
378.792,19.4178,2401.4,222.8,2107.7,0
394.114,21.8659,2418.9,211.9,2108.1,0
358.803,23.5613,2431.3,205.2,2080.7,0
381.102,22.8109,2438.9,209.6,2106.4,0
356.481,25.0619,2420.3,203.7,2058.4,0
365.384,25.2168,2408.0,204.0,2053.6,0
361.431,24.502,2426.5,202.9,2070.6,0
355.173,23.6549,2392.3,204.4,2049.9,0
356.451,23.6302,2392.4,205.0,2050.9,0
348.308,23.7114,2393.2,205.5,2045.5,0
381.895,22.7667,2440.1,208.8,2108.0,0
364.013,25.4682,2377.7,203.5,2029.7,0
340.227,23.637,2399.0,205.3,2045.5,0
382.668,21.3762,2416.8,214.4,2104.3,0
355.439,23.5108,2398.7,206.0,2056.1,0
372.475,23.9929,2437.2,207.7,2089.4,0
387.485,19.2054,2401.1,222.9,2114.3,0
370.465,23.6604,2444.3,205.3,2096.4,0
382.293,19.3992,2403.0,222.7,2111.2,0
355.81,24.2396,2396.4,207.2,2048.1,0
359.734,25.7411,2374.4,202.3,2021.8,0
386.702,25.2408,2373.8,196.0,2044.9,0
371.262,24.1017,2436.7,205.7,2087.3,0
371.957,23.6862,2449.6,205.6,2101.1,0
382.503,19.8904,2405.3,221.3,2108.7,0
370.165,23.8875,2422.1,204.5,2078.1,0
378.799,23.3078,2447.6,206.7,2106.8,0
385.282,22.7291,2432.5,209.5,2105.1,0
402.398,22.1403,2414.9,211.4,2107.2,0
353.376,24.1816,2395.9,203.8,2046.7,0
371.276,23.8636,2444.9,204.6,2095.4,0
376.695,24.9676,2378.4,197.1,2041.5,0
358.445,23.4314,2393.3,206.1,2054.5,0
370.563,25.4501,2397.8,203.8,2047.7,0
371.016,22.7685,2433.5,209.2,2097.2,0
392.088,20.4534,2408.6,219.8,2111.5,0
371.274,23.789,2445.6,205.4,2096.5,0
379.814,24.7843,2371.4,201.7,2040.3,0
356.456,24.5529,2396.3,201.3,2045.8,0
394.372,25.3145,2374.0,198.3,2045.3,0
358.45,23.6355,2396.2,205.1,2055.1,0
381.568,25.2582,2374.3,195.2,2038.7,0
371.393,20.3363,2415.0,217.8,2105.9,0
379.665,24.9434,2378.3,197.4,2043.4,0
369.917,24.9769,2377.7,197.9,2036.9,0
371.244,22.7858,2451.5,209.0,2110.1,0
356.337,23.6699,2391.1,206.0,2049.6,0
357.199,23.6989,2393.8,208.9,2052.0,0
356.063,23.6319,2390.4,205.1,2049.2,0
379.86,19.2385,2401.0,218.9,2109.7,0
393.116,22.1065,2419.5,210.4,2106.0,0
355.312,23.6441,2392.2,204.4,2050.1,0
356.458,22.1789,2394.1,209.0,2065.1,0
422.642,21.6994,2405.3,204.1,2114.5,0
381.454,21.3076,2418.2,214.8,2105.4,0
383.493,19.7701,2406.0,217.9,2111.0,0
427.352,17.1603,2385.5,194.5,2139.0,0
356.488,24.1112,2394.0,205.2,2047.8,0
350.319,23.7033,2395.2,207.7,2048.8,0
382.816,19.9806,2409.2,219.6,2111.0,0
371.842,23.9283,2436.2,200.0,2089.0,0
362.683,23.5978,2390.9,204.7,2054.1,0
365.558,23.3011,2398.9,204.9,2064.5,0
392.282,21.6821,2425.0,211.3,2113.0,0
377.748,20.2921,2413.3,217.6,2108.7,0
410.615,21.6995,2413.1,204.4,2114.4,0
400.3,21.7554,2425.1,209.9,2116.8,0
384.609,22.1652,2420.6,205.8,2101.7,0
366.745,24.5608,2397.3,201.6,2052.9,0
380.535,22.9053,2400.5,204.9,2077.7,0
373.851,22.4726,2422.1,204.9,2093.8,0
359.056,23.5391,2393.4,206.3,2054.4,0
383.188,23.2931,2402.4,195.5,2077.5,0
363.618,23.7841,2440.3,205.3,2087.9,0
391.602,23.5134,2409.8,200.0,2085.4,0
374.307,23.8798,2403.0,213.2,2067.6,0
380.964,21.8559,2401.4,203.7,2087.9,0
375.442,24.8238,2420.6,206.2,2072.5,0
361.753,24.7227,2430.1,201.5,2071.4,0
422.121,20.3846,2408.4,204.8,2127.4,0
358.682,24.2974,2430.3,205.2,2073.3,0
352.233,23.5363,2393.3,206.2,2049.9,0
430.291,17.8729,2387.5,197.9,2136.1,0
379.635,23.7065,2420.0,208.9,2084.4,0
391.072,21.3083,2425.4,210.7,2115.9,0
352.525,23.5909,2389.9,207.7,2047.0,0
388.716,21.7337,2400.4,199.9,2092.7,0
390.829,21.5773,2423.5,202.8,2112.0,0
384.855,22.4405,2417.0,206.4,2096.4,0
384.808,22.7738,2439.3,208.1,2109.5,0
366.615,23.0081,2400.5,202.4,2068.8,0
377.136,22.748,2403.3,202.4,2079.4,0
407.678,22.3271,2429.3,198.3,2118.7,0
402.215,19.9626,2414.8,201.3,2125.7,0
375.254,22.9242,2451.0,205.6,2111.3,0
380.641,22.6412,2442.2,206.5,2110.2,0
403.598,22.4001,2402.1,182.7,2096.3,0
400.651,21.038,2426.8,196.2,2124.6,0
392.842,25.2333,2394.3,139.3,2143.4,0
502.438,20.5536,2388.6,140.4,2146.4,0
461.929,21.388,2398.1,154.9,2130.0,0
413.136,20.8164,2415.2,187.8,2124.6,0
418.309,18.0274,2394.6,197.6,2134.7,0
414.228,19.2054,2395.5,183.3,2123.8,0
386.73,17.6186,2399.6,190.4,2126.8,0
394.692,20.282,2395.1,191.4,2104.4,0
396.391,20.4621,2403.4,192.0,2110.1,0
400.724,19.8031,2393.2,187.0,2110.2,0
408.449,18.023,2394.3,200.3,2129.8,0
402.739,20.4019,2397.4,186.9,2109.4,0
398.198,20.1943,2397.7,191.7,2109.1,0
397.92,20.5216,2395.6,199.0,2104.5,0
425.049,19.6237,2404.9,180.1,2132.5,0
414.374,18.961,2402.9,191.3,2131.4,0
407.748,20.1975,2396.2,184.7,2112.8,0
395.018,19.9929,2391.4,191.5,2104.0,0
391.956,19.3994,2391.7,194.7,2107.9,0
463.017,17.7879,2387.3,168.3,2150.9,0
412.766,20.6479,2402.7,187.2,2116.4,0
398.847,16.689,2393.3,196.6,2136.2,0
375.538,20.5802,2399.4,193.5,2094.7,0
405.148,19.3066,2407.1,196.3,2127.0,0
387.55,20.7498,2398.5,192.6,2099.3,0
384.164,20.7401,2399.2,199.7,2097.9,0
406.076,20.6254,2399.4,185.8,2110.7,0
424.647,16.8543,2384.5,193.4,2139.7,0
387.035,20.3303,2397.0,192.7,2101.4,0
403.629,19.5495,2399.2,187.8,2118.5,0
439.13,16.3192,2375.9,187.6,2143.6,0
404.829,20.4517,2406.8,190.3,2117.2,0
427.542,20.4939,2400.6,181.7,2123.2,0
416.006,19.1836,2399.3,183.2,2127.8,0
409.824,20.0916,2419.5,191.2,2132.4,0
409.282,20.7383,2416.1,185.8,2124.0,0
399.309,19.1224,2393.7,186.2,2115.6,0
489.257,17.4325,2382.7,160.7,2160.6,0
398.79,19.9209,2407.6,184.4,2119.6,0
404.492,18.5587,2401.5,199.5,2128.9,0
401.297,19.4642,2391.1,188.6,2111.7,0
447.053,16.33,2375.9,186.8,2146.9,0
411.507,20.0912,2408.0,181.8,2124.6,0
414.362,19.103,2407.1,197.3,2133.4,0
408.723,20.3107,2397.4,182.9,2113.2,0
399.01,19.062,2390.0,184.5,2113.3,0
431.775,16.1115,2371.3,184.6,2138.5,0
525.831,16.5484,2367.9,150.6,2168.5,0
406.941,18.3306,2390.5,182.1,2123.8,0
406.096,18.8806,2388.8,182.7,2117.4,0
461.426,17.0219,2368.5,154.2,2141.7,0
410.819,18.6193,2388.3,180.0,2121.6,0
378.569,18.1431,2386.2,200.5,2107.3,0
402.041,18.8762,2390.1,185.7,2116.5,0
418.254,17.4442,2382.4,183.9,2130.3,0
387.1,19.2779,2390.4,193.6,2105.5,0
417.0,17.9324,2388.4,186.1,2130.4,0
400.684,18.8041,2390.9,186.4,2117.1,0
387.014,18.2123,2388.5,199.6,2113.2,0
456.13,15.1197,2364.6,180.7,2151.3,0
376.108,19.5411,2392.7,199.3,2099.1,0
409.81,17.7676,2380.0,188.4,2121.5,0
460.946,15.2552,2364.8,180.0,2152.2,0
405.237,18.3528,2383.7,190.9,2117.3,0
406.433,17.8087,2384.5,189.4,2123.3,0
394.188,19.2112,2392.2,187.6,2111.3,0
399.378,18.7056,2388.7,192.7,2115.5,0
397.461,18.4351,2387.6,186.7,2115.9,0
406.214,18.8022,2390.8,180.7,2119.8,0
387.261,18.2363,2385.7,199.6,2110.8,0
414.311,19.1389,2392.1,180.3,2122.0,0
487.161,16.4152,2373.7,157.6,2160.7,0
456.694,15.1982,2365.3,179.2,2151.4,0
402.369,18.9193,2390.0,183.6,2116.2,0
418.085,18.1373,2385.4,187.1,2126.7,0
468.926,15.084,2362.2,178.9,2154.5,0
401.673,18.9367,2391.3,185.9,2116.8,0
393.329,18.8644,2390.9,193.2,2112.8,0
404.8,18.842,2389.6,184.8,2117.8,0
526.374,15.0645,2348.6,141.4,2164.1,0
409.109,17.059,2375.9,191.3,2124.3,0
404.686,17.9017,2381.0,184.6,2119.1,0
579.011,13.2322,2335.6,124.5,2182.1,0
488.195,16.1026,2360.8,156.9,2153.3,0
418.249,16.6231,2370.5,184.2,2128.0,0
447.989,15.0248,2357.5,179.7,2143.2,0
461.428,13.8411,2353.2,175.6,2154.2,0
395.386,17.7399,2382.5,190.8,2117.1,0
457.841,13.9356,2350.8,180.1,2150.0,0
427.228,16.4344,2373.3,184.1,2136.1,0
396.053,17.6314,2380.1,189.4,2116.4,0
419.815,16.8172,2373.5,184.2,2129.6,0
394.3,17.9765,2382.6,191.4,2114.5,0
439.87,15.3774,2363.6,179.3,2142.2,0
389.069,18.0582,2384.5,194.1,2112.6,0
438.731,15.0668,2361.9,182.4,2142.8,0
434.039,15.7518,2364.5,184.6,2137.4,0
469.023,14.7728,2355.5,176.0,2151.7,0
380.028,17.9571,2383.5,192.9,2107.9,0
403.051,18.4412,2386.7,191.0,2118.3,0
410.224,16.4675,2373.2,184.2,2127.9,0
424.068,16.628,2372.7,179.2,2132.5,0
397.028,17.3792,2383.0,190.1,2121.6,0
465.791,14.0859,2350.1,179.4,2151.3,0
410.379,16.8939,2374.6,185.3,2125.4,0
445.126,15.0989,2360.1,175.4,2143.7,0
524.377,13.6181,2344.4,149.6,2170.4,0
438.397,15.6825,2364.1,184.3,2139.5,0
405.199,17.4054,2379.0,185.9,2122.1,0
407.819,17.7232,2380.9,192.1,2122.1,0
414.534,17.1182,2376.1,184.9,2126.7,0
404.258,16.9812,2379.2,186.5,2125.6,0
432.576,16.2615,2367.8,176.2,2135.3,0
422.121,16.2137,2367.6,183.0,2130.9,0
429.116,15.3282,2368.4,174.0,2142.1,0
510.302,13.2444,2345.2,161.1,2169.2,0
421.241,16.3173,2370.7,182.7,2132.2,0
399.819,17.6885,2381.9,193.8,2119.3,0
497.75,13.2074,2346.4,159.1,2166.3,0
408.23,17.4241,2379.0,189.7,2123.4,0
492.19,14.2885,2352.2,157.5,2161.3,0
392.572,17.6931,2384.4,190.1,2117.7,0
398.704,17.6429,2382.5,187.9,2119.7,0
594.828,12.2247,2326.4,125.4,2185.3,0
537.576,13.378,2334.3,132.9,2168.0,0
599.097,11.7211,2325.7,122.1,2189.3,0
534.756,13.8517,2341.7,138.6,2170.2,0
525.311,11.9737,2338.4,146.5,2177.6,0
539.641,12.5302,2335.4,149.6,2175.4,0
444.492,14.8623,2356.1,172.4,2142.4,0
559.307,12.1004,2335.2,138.4,2184.0,0
653.035,9.3891,2310.9,116.1,2203.8,0
461.655,15.4079,2361.3,161.2,2149.4,0
445.915,14.7464,2358.3,169.6,2145.8,0
611.592,11.9445,2332.0,117.2,2196.2,0
478.007,13.0317,2342.6,164.8,2157.9,0
501.243,14.642,2350.2,153.4,2160.6,0
405.43,17.3022,2378.9,185.3,2123.4,0
539.409,11.9299,2330.6,143.9,2175.6,0
499.361,12.8526,2338.0,162.3,2162.6,0
521.357,13.2062,2343.3,146.3,2171.9,0
464.18,14.7612,2355.1,171.9,2150.2,0
471.664,14.5688,2351.2,166.3,2151.3,0
458.805,14.0676,2347.9,171.0,2147.4,0
430.403,16.5024,2368.3,178.4,2133.1,0
474.365,15.4143,2356.6,166.0,2150.2,0
485.385,15.4093,2357.2,160.4,2154.9,0
462.836,14.7026,2353.6,166.2,2148.9,0
501.121,13.1751,2338.1,164.4,2160.9,0
471.863,13.0963,2349.6,160.8,2161.3,0
438.25,16.386,2367.9,175.9,2137.2,0
468.981,13.591,2345.7,168.0,2153.1,0
498.324,13.5187,2344.5,161.4,2163.0,0
563.4,11.5179,2333.6,140.5,2187.7,0
410.443,16.8638,2372.7,184.1,2124.5,0
449.757,14.6888,2354.5,176.6,2144.5,0
474.031,13.9377,2348.6,162.4,2154.8,0
436.219,16.2186,2365.5,175.3,2135.7,0
446.776,15.8981,2362.8,171.9,2140.6,0
496.242,12.5919,2337.8,161.2,2163.3,0
495.513,12.548,2338.4,171.5,2163.9,0
470.609,15.158,2357.2,160.6,2151.4,0
438.883,16.276,2366.0,180.2,2136.8,0
428.395,16.6276,2369.3,180.8,2132.0,0
638.624,9.1184,2312.4,117.4,2203.8,0
672.361,7.9668,2305.3,121.9,2211.5,0
520.939,11.1692,2335.7,151.4,2179.9,0
601.151,9.9691,2327.7,125.8,2202.9,0
510.584,12.766,2339.6,150.8,2168.9,0
487.239,13.9044,2346.6,156.6,2158.5,0
542.661,11.1553,2328.8,142.9,2180.4,0
608.739,10.4204,2326.3,127.8,2200.6,0
514.826,11.3486,2333.0,154.7,2174.5,0
503.513,12.9054,2339.2,151.8,2165.2,0
627.703,10.4489,2323.9,123.7,2202.8,0
538.84,10.9245,2330.5,147.5,2182.4,0
515.188,11.3154,2330.8,157.4,2172.8,0
557.345,10.7587,2329.7,140.5,2188.0,0
519.56,11.8987,2331.9,149.0,2171.2,0
515.301,12.2515,2337.6,155.0,2172.2,0
508.944,11.2821,2334.2,155.0,2174.1,0
541.503,10.8561,2334.9,142.5,2187.5,0
528.011,11.7914,2331.9,148.4,2174.6,0
519.881,11.2436,2333.5,151.5,2177.2,0
525.748,11.327,2332.7,155.1,2177.7,0
491.119,13.1995,2343.2,153.5,2162.3,0
475.775,14.289,2348.0,160.4,2152.6,0
523.832,12.039,2336.9,143.4,2175.8,0
509.515,11.9034,2336.0,149.9,2171.6,0
494.937,13.7462,2344.3,158.2,2160.4,0
557.187,12.6135,2335.4,146.8,2180.5,0
492.597,13.6633,2344.6,154.9,2160.5,0
498.683,11.5569,2334.3,159.3,2169.0,0
559.211,9.8662,2320.4,134.2,2186.6,0
502.074,12.8795,2338.6,150.1,2164.4,0
540.1,11.1856,2332.3,153.5,2182.5,0
477.129,14.9519,2355.0,162.8,2153.9,0
520.707,12.9595,2338.2,150.3,2169.5,0
518.496,12.1613,2334.4,148.2,2171.2,0
502.58,12.8476,2337.9,151.3,2164.2,0
529.317,11.1191,2331.0,147.1,2178.7,0
604.392,10.3677,2326.6,120.1,2200.2,0
508.62,12.1752,2336.7,158.8,2169.8,0
610.183,10.2034,2330.8,126.9,2206.4,0
495.258,12.2539,2339.2,157.4,2167.1,0
499.471,13.0112,2338.9,156.1,2162.8,0
469.267,14.2688,2346.8,162.7,2149.3,0
487.454,13.2805,2341.7,160.8,2159.1,0
508.462,12.6139,2336.7,150.4,2166.8,0
497.173,13.8152,2344.1,155.5,2160.5,0
478.789,13.5499,2342.9,161.9,2155.0,0
519.434,12.6853,2337.7,146.9,2170.7,0
554.417,9.8082,2321.5,146.0,2186.9,0
599.249,9.3834,2326.7,121.6,2205.6,0
527.816,11.614,2329.4,148.2,2173.9,0
543.383,11.0604,2326.8,140.9,2180.1,0
596.506,9.6119,2321.5,125.8,2198.9,0
525.542,11.7572,2333.2,143.3,2175.6,0
547.639,9.867,2323.2,140.0,2186.2,0
528.37,11.1466,2328.2,145.9,2176.3,0
658.846,8.9253,2318.7,108.0,2214.9,0
530.605,9.4411,2325.5,145.9,2186.1,0
553.167,10.0848,2328.1,142.3,2190.4,0
559.507,9.2311,2323.7,140.1,2193.8,0
597.639,9.4206,2324.2,127.8,2202.7,0
553.411,10.3872,2326.0,144.0,2186.6,0
543.68,10.6221,2329.5,144.7,2185.3,0
540.676,9.7375,2326.0,147.9,2187.3,0
581.249,9.3352,2322.7,133.3,2198.0,0
564.259,9.2131,2331.2,142.5,2201.6,0
560.758,9.337,2320.0,139.6,2190.4,0
556.819,9.6349,2325.7,140.4,2192.2,0
580.621,9.6262,2320.2,136.9,2193.9,0
574.171,9.712,2325.7,137.9,2196.5,0
553.254,10.012,2325.8,142.4,2188.8,0
580.948,9.3767,2323.5,131.0,2198.1,0
571.635,10.3,2321.4,138.5,2188.2,0
594.743,9.933,2328.1,141.8,2202.5,0
548.538,9.5432,2322.7,140.5,2188.1,0
549.57,9.3634,2323.2,143.8,2189.9,0
545.373,10.4787,2324.1,143.2,2182.2,0
556.94,9.9833,2324.2,143.6,2188.8,0
599.204,9.3129,2325.4,127.5,2204.8,0
608.539,9.2326,2323.6,121.2,2206.0,0
550.868,9.9523,2324.4,141.4,2187.4,0
536.209,9.2244,2330.7,142.5,2193.7,0
522.038,12.1991,2333.8,155.2,2171.8,0
540.696,10.1593,2326.3,141.6,2184.9,0
585.738,9.2479,2323.0,126.4,2199.8,0
535.388,10.3743,2326.1,140.1,2181.9,0
547.716,9.2674,2326.3,144.1,2192.7,0
552.587,9.9862,2322.8,142.9,2186.4,0
527.103,11.4277,2328.0,144.6,2173.8,0
542.771,10.6016,2325.8,149.8,2182.1,0
557.977,10.142,2322.4,140.4,2186.5,0
519.493,10.7688,2326.1,147.9,2174.4,0
538.981,10.0288,2323.8,143.8,2183.2,0
543.993,11.2098,2325.2,144.6,2177.8,0
